,shoulder_pan_joint,shoulder_lift_joint,elbow_joint,wrist_1_joint,wrist_2_joint,wrist_3_joint,time_from_start
0,0.0,-1.57,0.0,-1.57,0.0,0.0,0.0
1,-0.0003507494452430398,-1.5650000000000002,0.0004501380138790804,-1.5701774232053003,-0.004922989031636947,3.678116179802784e-05,1.25
2,-0.0014029977809721622,-1.55,0.0018005520555163254,-1.5707096928212003,-0.01969195612654783,0.00014712464719211167,2.5
3,-0.003156745007187361,-1.5250000000000001,0.004051242124911727,-1.5715968088477006,-0.04430690128473256,0.00033103045618225084,3.75
4,-0.005611991123888635,-1.4900000000000002,0.007202208222065284,-1.5728387712848013,-0.07876782450619113,0.0005884985887684451,5.0
5,-0.008768736131076002,-1.4450000000000003,0.01125345034697702,-1.574435580132502,-0.12307472579092378,0.0009195290449506967,6.25
6,-0.012626980028749471,-1.39,0.016204968499646945,-1.5763872353908028,-0.17722760513893066,0.0013241218247290062,7.5
7,-0.01718672281690904,-1.3249999999999993,0.022056762680075052,-1.5786937370597038,-0.24122646255021166,0.0018022769281033735,8.75
8,-0.022447964495554706,-1.2499999999999987,0.02880883288826135,-1.5813550851392053,-0.31507129802476685,0.0023539943550737984,10.0
9,-0.028410705064686466,-1.1649999999999976,0.03646117912420582,-1.5843712796293068,-0.3987621115625961,0.0029792741056402804,11.25
10,-0.03507494452430433,-1.0699999999999963,0.04501380138790849,-1.5877423205300083,-0.4922989031636997,0.003678116179802821,12.5
11,-0.042440682874408386,-0.9649999999999934,0.05446669967936946,-1.59146820784131,-0.5956816728280786,0.004450520577561428,13.75
12,-0.05050792011499838,-0.8499999999999927,0.0648198739985884,-1.595548941563212,-0.7089104205557294,0.005296487298916077,15.0
13,-0.05927665624607463,-0.7249999999999892,0.07607332434556574,-1.599984521695714,-0.8319851463466568,0.006216016343866799,16.25
14,-0.0687468912676369,-0.5899999999999868,0.08822705072030118,-1.6047749482388163,-0.9649058502008572,0.007209107712413573,17.5
15,-0.0789186251796852,-0.44499999999998474,0.1012810531227947,-1.6099202211925188,-1.1076725321183307,0.008275761404556395,18.75
16,-0.08979185798221961,-0.2899999999999828,0.11523533155304642,-1.6154203405568213,-1.2602851920990785,0.009415977420295277,20.0
17,-0.10136658967524032,-0.1249999999999778,0.13008988601105656,-1.6212753063317242,-1.4227438301431032,0.010629755759630237,21.25
18,-0.11364282025874704,0.05000000000002669,0.14584471649682482,-1.6274851185172272,-1.595048446250401,0.011917096422561245,22.5
19,-0.1266205497327398,0.2350000000000303,0.16249982301035118,-1.6340497771133307,-1.7771990404209725,0.013277999409088307,23.75
20,-0.14029977809721864,0.4300000000000339,0.18005520555163565,-1.6409692821200337,-1.9691956126548171,0.014712464719211421,25.0
21,-0.15467939509232062,0.6349841730346923,0.19850943925692907,-1.6482430719231527,-2.1710225797565763,0.016220375926095966,26.25
22,-0.16937155349800423,0.8444236832740195,0.21736477629031672,-1.655674957767781,-2.3772362620965013,0.01776106162869845,27.5
23,-0.18406371190368784,1.053863193513346,0.23622011332370435,-1.6631068436124088,-2.5834499444364254,0.01930174733130093,28.75
24,-0.19875587030937145,1.2633027037526734,0.255075450357092,-1.670538729457037,-2.7896636267763504,0.020842433033903412,30.0
25,-0.213448028715055,1.472742213991999,0.27393078739047955,-1.6779706153016651,-2.9958773091162736,0.022383118736505888,31.25
26,-0.22814018712073858,1.6821817242313255,0.29278612442386714,-1.6854025011462932,-3.202090991456198,0.023923804439108368,32.5
27,-0.24283234552642222,1.891621234470653,0.3116414614572548,-1.6928343869909215,-3.408304673796123,0.025464490141710854,33.75
28,-0.2575245039321058,2.10106074470998,0.33049679849064245,-1.7002662728355495,-3.6145183561360477,0.027005175844313334,35.0
29,-0.27188116131527074,2.3057176241131234,0.3489215667348868,-1.7075284487416331,-3.8160230706461924,0.028510679403194638,36.25
30,-0.2855364892388058,2.5003769187853226,0.36644627639225613,-1.7144358639420718,-4.007684185161677,0.02994263840576027,37.5
31,-0.2984903182718546,2.6850362134575194,0.38307071002186704,-1.7209884327319105,-4.189499321613885,0.031301035084729825,38.75
32,-0.31074264841441723,2.8596955081297137,0.39879486762371963,-1.727186155111149,-4.361468480002818,0.03258586944010331,40.0
33,-0.32229347966649363,3.0243548028019065,0.4136187491978139,-1.7330290310797871,-4.523591660328474,0.033797141471880725,41.25
34,-0.33314281202808377,3.179014097474097,0.42754235474414976,-1.738517060637825,-4.675868862590854,0.034934851180062065,42.5
35,-0.34329064549918764,3.3236733921462847,0.44056568426272724,-1.7436502437852628,-4.818300086789958,0.03599899856464733,43.75
36,-0.3527369800798054,3.458332686818472,0.4526887377535465,-1.7484285805221003,-4.950885332925788,0.03698958362563654,45.0
37,-0.3614818157699371,3.582991981490659,0.46391151521660756,-1.7528520708483377,-5.073624600998343,0.03790660636302969,46.25
38,-0.36952515256958257,3.697651276162844,0.47423401665191034,-1.7569207147639747,-5.186517891007623,0.038750066776826776,47.5
39,-0.37686699047874195,3.8023105708350293,0.48365624205945495,-1.760634512269012,-5.289565202953629,0.0395199648670278,48.75
40,-0.3835073294974151,3.896969865507213,0.49217819143924124,-1.7639934633634486,-5.382766536836359,0.04021630063363276,50.0
41,-0.3894461696256024,3.9816291601793994,0.4997998647912696,-1.7669975680472851,-5.466121892655817,0.04083907407664168,51.25
42,-0.39468351086330367,4.056288454851587,0.5065212621155399,-1.7696468263205216,-5.539631270412003,0.04138828519605455,52.5
43,-0.3992193532105188,4.120947749523773,0.512342383412052,-1.771941238183158,-5.603294670104915,0.04186393399187137,53.75
44,-0.403053696667248,4.175607044195961,0.517263228680806,-1.7738808036351943,-5.657112091734553,0.04226602046409213,55.0
45,-0.406186541233491,4.220266338868148,0.5212837979218018,-1.7754655226766303,-5.701083535300917,0.042594544612716834,56.25
46,-0.40861788690924805,4.254925633540336,0.5244040911350395,-1.7766953953074662,-5.735209000804009,0.042849506437745495,57.5
47,-0.4117675180421648,4.280834115163446,0.5286797586997523,-1.7783008926021944,-5.7606354831816775,0.04339570397859974,58.75
48,-0.42118689708687634,4.303486473450755,0.5421410409275461,-1.7831378159620952,-5.782451359966598,0.04565258602413398,60.0
49,-0.43708067663736727,4.320867929425702,0.5651112401870436,-1.7913128780980387,-5.798651339829257,0.04969769064479772,61.25
50,-0.4561321783738844,4.3288465969245635,0.5928031947081325,-1.8011204519433168,-5.805355653966369,0.05469263350324864,62.5
51,-0.4756077637495484,4.326827726830543,0.6212367098754865,-1.8111529244403053,-5.802146336467264,0.05991445202876533,63.75
52,-0.49336330648542026,4.314841230906171,0.6472838194343431,-1.8203059147102951,-5.7891864814771905,0.06479044737241761,65.0
53,-0.5141589714626253,4.29505678109544,0.6778634112599017,-1.831030043804284,-5.7683271561450535,0.07056791465475798,66.25
54,-0.5412461675094293,4.268629405273575,0.7184437345594978,-1.8450866357073026,-5.741152094354374,0.07857109733471201,67.5
55,-0.5737472308068658,4.235261585799635,0.7690249331016473,-1.8621746660479386,-5.708533126018756,0.08937935420526077,68.75
56,-0.608653817233251,4.197218702719403,0.8258633433853609,-1.8808226218743405,-5.673483315251525,0.10259061800087599,70.0
57,-0.6435604034830382,4.157031690984905,0.8851079709948418,-1.899719982542654,-5.638417731649966,0.1173472565796041,71.25
58,-0.6784669904618421,4.11412953399489,0.9471497566312034,-1.918682638922907,-5.603334566120635,0.1339731814731906,72.5
59,-0.7133735775025503,4.067902735002537,1.012601918058365,-1.9377105252999947,-5.568230009557054,0.1528830444025695,73.75
60,-0.7482801653357496,4.018123396246125,1.081426442331136,-1.9565361890103685,-5.533104707543309,0.17416214935974783,75.0
61,-0.7831867535500544,3.963741248316834,1.154451878387898,-1.9749313417824403,-5.497953840412818,0.1984666912617885,76.25
62,-0.8180933429485914,3.903977790183343,1.231962964751877,-1.99239797547669,-5.462776474485497,0.226194821243906,77.5
63,-0.8529999329730109,3.837589773311919,1.31459594133075,-2.008321965270981,-5.427569327323277,0.2580426033211044,78.75
64,-0.8879001003812609,3.762928536882345,1.402850984389123,-2.0215458110774467,-5.3923365257770595,0.29485847238972684,80.0
65,-0.9224559837263464,3.678566736158683,1.49637469565035,-2.0302814785213608,-5.357417285717968,0.33730607557518033,81.25
66,-0.9556265226460008,3.584847833322116,1.592277745608055,-2.031985798007798,-5.323864561377401,0.3850066215748667,82.5
67,-0.9845290822634104,3.4898004174801063,1.6807284138054155,-2.0248994517115304,-5.294601892123457,0.4334762087823483,83.75
68,-1.0091378244346783,3.3960207199118297,1.759193216185094,-2.009101539387842,-5.2696668712529675,0.48100291014697816,85.0
69,-1.0301496210199355,3.303959877399084,1.8277066091321106,-1.9850818854307084,-5.2483622098795095,0.5271177940835643,86.25
70,-1.0480704833381793,3.214542084828921,1.8862418784454387,-1.9537434944195402,-5.230180331197579,0.5712692480832511,87.5
71,-1.063238992742972,3.129360851645021,1.9347734756912391,-1.9166622913684144,-5.214780850232521,0.612723429602761,88.75
72,-1.0758227936584197,3.0509605758191265,1.9733019726552241,-1.8763953302612901,-5.201995618307642,0.6504069251521891,90.0
73,-1.0859560009761753,2.98209461208134,2.0023577425610735,-1.836239152956313,-5.191690725814395,0.6832187195061085,91.25
74,-1.0940266322126062,2.9232283991711254,2.0236661864282457,-1.7983861012803062,-5.183474799457102,0.7111246384661275,92.5
75,-1.100367510005191,2.8743624433474575,2.038877964907707,-1.7644868137933287,-5.177012530257828,0.7342535816326876,93.75
76,-1.1052081165242353,2.835495720851466,2.049382728263396,-1.735929707473502,-5.172073829606079,0.7526702593065039,95.0
77,-1.1086967266119732,2.8066300263688717,2.0562497411116483,-1.7137858908432806,-5.168510997815451,0.7663798114745035,96.25
78,-1.110578420081289,2.7872478876277547,2.0604046846342117,-1.69866794732674,-5.1659005472650925,0.7754061111095015,97.5
79,-1.1047277780833358,2.7695412547825127,2.0638628320822123,-1.688328643178374,-5.158591057153591,0.7800787621100751,98.75
80,-1.0899212805157883,2.7553457920437183,2.0663003383951426,-1.6848022151554969,-5.146127905500509,0.7790391848695308,100.0
81,-1.0726981759801626,2.750682039834643,2.066692008060486,-1.6894620823053728,-5.133966352968083,0.7728510728247646,101.25
82,-1.0516104555372066,2.75174660011352,2.0657743210071358,-1.700177412120929,-5.120411455523427,0.7624276216139524,102.5
83,-1.0206070983398872,2.753331249712499,2.064421102664018,-1.715945624166854,-5.100486771492275,0.7470947655342328,103.75
84,-0.9857005132999933,2.7551154018490926,2.062897518270529,-1.7336990058798436,-5.078053630684332,0.7298315497719905,105.0
85,-0.9507939282601006,2.7568995539856864,2.0613739338770403,-1.7514523875928323,-5.055620489876389,0.712568334009749,106.25
86,-0.9158873432202078,2.75868370612228,2.059850349483551,-1.769205769305821,-5.033187349068446,0.6953051182475073,107.5
87,-0.8809807581803138,2.7604678582588744,2.0583267650900616,-1.7869591510188103,-5.0107542082605026,0.6780419024852651,108.75
88,-0.8460741731404199,2.762252010395468,2.0568031806965728,-1.8047125327318,-4.98832106745256,0.6607786867230228,110.0
89,-0.8111675881005271,2.764036162532062,2.055279596303084,-1.8224659144447886,-4.965887926644617,0.6435154709607812,111.25
90,-0.7762610030606347,2.7658203146686557,2.053756011909595,-1.8402192961577775,-4.943454785836676,0.6262522551985397,112.5
91,-0.7413544180207406,2.7676044668052495,2.0522324275161057,-1.8579726778707673,-4.921021645028732,0.6089890394362975,113.75
92,-0.7064478329808467,2.7693886189418437,2.050708843122617,-1.8757260595837566,-4.898588504220789,0.5917258236740551,115.0
93,-0.6715412479409539,2.7711727710784375,2.049185258729128,-1.8934794412967455,-4.876155363412846,0.5744626079118136,116.25
94,-0.6366346629010612,2.7729569232150313,2.0476616743356386,-1.911232823009734,-4.853722222604904,0.5571993921495719,117.5
95,-0.6017280778611673,2.774741075351625,2.0461380899421497,-1.9289862047227235,-4.831289081796961,0.5399361763873297,118.75
96,-0.5668214928212746,2.776525227488219,2.044614505548661,-1.9467395864357122,-4.808855940989019,0.5226729606250882,120.0
97,-0.5319149077813807,2.7783093796248126,2.043090921155172,-1.9644929681487018,-4.786422800181075,0.5054097448628458,121.25
98,-0.497008322741488,2.7800935317614064,2.041567336761683,-1.9822463498616905,-4.7639896593731335,0.4881465291006043,122.5
99,-0.4621017377015939,2.7818776838980006,2.040043752368194,-1.99999973157468,-4.74155651856519,0.4708833133383621,123.75
100,-0.4271951526617014,2.7836618360345944,2.038520167974705,-2.017753113287669,-4.7191233777572466,0.4536200975761205,125.0
101,-0.3922885676218073,2.785445988171188,2.036996583581216,-2.035506495000658,-4.696690236949305,0.4363568818138783,126.25
102,-0.35738198258191467,2.787230140307782,2.0354729991877267,-2.053259876713647,-4.674257096141361,0.41909366605163667,127.5
103,-0.3224753975420207,2.7890142924443757,2.033949414794238,-2.0710132584266363,-4.651823955333418,0.40183045028939435,128.75
104,-0.28756881250212796,2.79079844458097,2.032425830400749,-2.088766640139625,-4.629390814525475,0.38456723452715275,130.0
105,-0.2526622274622353,2.7925825967175637,2.0309022460072597,-2.106520021852614,-4.606957673717534,0.3673040187649111,131.25
106,-0.21775564242234136,2.7943667488541575,2.029378661613771,-2.1242734035656032,-4.58452453290959,0.35004080300266893,132.5
107,-0.1828490573824486,2.7961509009907513,2.027855077220282,-2.1420267852785924,-4.562091392101648,0.3327775872404273,133.75
108,-0.14794247234255475,2.797935053127345,2.026331492826793,-2.1597801669915815,-4.539658251293704,0.3155143714781851,135.0
109,-0.11303588730266201,2.799719205263939,2.024807908433304,-2.1775335487045706,-4.517225110485763,0.29825115571594346,136.25
110,-0.07812930226276793,2.8015033574005326,2.023284324039815,-2.1952869304175597,-4.494791969677818,0.2809879399537012,137.5
111,-0.043222717222875295,2.803287509537127,2.021760739646326,-2.213040312130549,-4.472358828869877,0.26372472419145965,138.75
112,-0.008316132182981328,2.80507166167372,2.020237155252837,-2.230793693843538,-4.449925688061933,0.24646150842921738,140.0
113,0.026590452856911306,2.8068558138103143,2.0187135708593478,-2.248547075556527,-4.427492547253991,0.22919829266697583,141.25
114,0.06149703789680527,2.8086399659469077,2.017189986465859,-2.2663004572695167,-4.405059406446048,0.21193507690473357,142.5
115,0.09640362293669802,2.8104241180835023,2.01566640207237,-2.2840538389825054,-4.382626265638105,0.1946718611424919,143.75
116,0.13131020797659176,2.812208270220096,2.0141428176788807,-2.301807220695495,-4.360193124830162,0.17740864538024975,145.0
117,0.16621679301648473,2.8139924223566894,2.012619233285392,-2.319560602408483,-4.3377599840222185,0.1601454296180081,146.25
118,0.20112337805637714,2.8157765744932837,2.011095648891903,-2.3373139841214723,-4.315326843214277,0.14288221385576666,147.5
119,0.23602996309627122,2.817560726629877,2.009572064498414,-2.3550673658344614,-4.292893702406333,0.12561899809352428,148.75
120,0.27093654813616386,2.819344878766471,2.0080484801049248,-2.3728207475474505,-4.270460561598391,0.10835578233128274,150.0
121,0.30584313317605794,2.821129030903065,2.006524895711436,-2.3905741292604397,-4.248027420790448,0.09109256656904052,151.25
122,0.34074971821595057,2.8229131830396588,2.005001311317947,-2.408327510973429,-4.225594279982506,0.07382935080679887,152.5
123,0.3756563032558443,2.824697335176253,2.003477726924458,-2.426080892686418,-4.203161139174563,0.056566135044556765,153.75
124,0.41056288829573706,2.8264814873128468,2.0019541425309693,-2.443834274399407,-4.180727998366621,0.03930291928231511,155.0
125,0.445469473335631,2.8282656394494405,2.00043055813748,-2.461587656112396,-4.158294857558677,0.022039703520072895,156.25
126,0.4803760583755238,2.830049791586034,1.9989069737439908,-2.479341037825385,-4.1358617167507346,0.004776487757831127,157.5
127,0.5152826434154175,2.8318339437226285,1.997383389350502,-2.4970944195383744,-4.113428575942791,-0.012486728004410974,158.75
128,0.5501892284553107,2.833618095859222,1.9958598049570129,-2.5148478012513635,-4.0909954351348485,-0.029749943766652742,160.0
129,0.5850958134952046,2.8354022479958156,1.994336220563524,-2.5326011829643527,-4.068562294326905,-0.04701315952889484,161.25
130,0.620002398535097,2.83718640013241,1.992812636170035,-2.5503545646773413,-4.046129153518963,-0.0642763752911365,162.5
131,0.6549089835749909,2.8389705522690036,1.9912890517765458,-2.568107946390331,-4.02369601271102,-0.0815395910533786,163.75
132,0.6898155686148839,2.8407547044055974,1.9897654673830572,-2.58586132810332,-4.001262871903078,-0.09880280681562037,165.0
133,0.7247221536547764,2.8425388565421907,1.988241882989568,-2.6036147098163083,-3.978829731095135,-0.11606602257786203,166.25
134,0.7596287386946703,2.844323008678785,1.9867182985960792,-2.6213680915292983,-3.9563965902871923,-0.13332923834010413,167.5
135,0.7945353237345629,2.8461071608153787,1.9851947142025899,-2.6391214732422865,-3.9339634494792497,-0.15059245410234579,168.75
136,0.8294419087744571,2.8478913129519725,1.983671129809101,-2.6568748549552765,-3.9115303086713062,-0.1678556698645881,170.0
137,0.8643484938143496,2.8496754650885663,1.9821475454156119,-2.6746282366682648,-3.8890971678633637,-0.18511888562682965,171.25
138,0.8992550788542436,2.85145961722516,1.9806239610221228,-2.692381618381255,-3.8666640270554202,-0.20238210138907187,172.5
139,0.9341616638941362,2.8532437693617543,1.979100376628634,-2.710135000094243,-3.844230886247478,-0.2196453171513134,173.75
140,0.9690682489340301,2.855027921498348,1.977576792235145,-2.7278883818072326,-3.821797745439535,-0.23690853291355563,175.0
141,1.003974833973923,2.8568120736349423,1.9760532078416562,-2.7456417635202217,-3.799364604631593,-0.2541717486757973,176.25
142,1.038881419013817,2.8585962257715356,1.9745296234481668,-2.763395145233211,-3.776931463823649,-0.2714349644380396,177.5
143,1.0737880040537093,2.86038037790813,1.9730060390546782,-2.7811485269461995,-3.7544983230157074,-0.28869818020028104,178.75
144,1.1086945890936024,2.8621645300447236,1.971482454661189,-2.7989019086591886,-3.7320651822077644,-0.3059613959625227,180.0
145,1.1436011741334964,2.8639486821813174,1.9699588702677002,-2.8166552903721778,-3.7096320413998214,-0.32322461172476497,181.25
146,1.1785077591733901,2.865732834317911,1.968435285874211,-2.8344086720851673,-3.687198900591878,-0.34048782748700723,182.5
147,1.213414344213283,2.867516986454505,1.966911701480722,-2.852162053798156,-3.6647657597839354,-0.3577510432492487,183.75
148,1.2483209292531756,2.8693011385910987,1.9653881170872332,-2.869915435511145,-3.6423326189759933,-0.3750142590114904,185.0
149,1.2832275142930696,2.8710852907276925,1.9638645326937438,-2.8876688172241343,-3.6198994781680494,-0.3922774747737327,186.25
150,1.318134099332962,2.8728694428642862,1.962340948300255,-2.9054221989371234,-3.597466337360108,-0.40954069053597414,187.5
151,1.3530406843728562,2.87465359500088,1.9608173639067659,-2.9231755806501125,-3.5750331965521642,-0.42680390629821646,188.75
152,1.387947269412749,2.876437747137474,1.959293779513277,-2.9409289623631016,-3.5526000557442217,-0.44406712206045806,190.0
153,1.4228538544526428,2.878221899274068,1.957770195119788,-2.9586823440760908,-3.5301669149362787,-0.46133033782270033,191.25
154,1.4577604394925352,2.880006051410662,1.956246610726299,-2.9764357257890794,-3.507733774128336,-0.4785935535849419,192.5
155,1.4926670245324285,2.881790203547256,1.9547230263328101,-2.9941891075020686,-3.485300633320394,-0.4958567693471835,193.75
156,1.5275736095723227,2.8835743556838493,1.953199441939321,-3.011942489215058,-3.46286749251245,-0.5131199851094258,195.0
157,1.5624801946122164,2.8853585078204436,1.951675857545832,-3.0296958709280477,-3.4404343517045075,-0.530383200871668,196.25
158,1.5973867796521088,2.8871426599570373,1.9501522731523429,-3.0474492526410364,-3.418001210896565,-0.5476464166339096,197.5
159,1.6322933646920013,2.888926812093631,1.9486286887588542,-3.065202634354025,-3.395568070088623,-0.564909632396151,198.75
160,1.6671999497318957,2.890710964230225,1.9471051043653649,-3.0829560160670146,-3.3731349292806794,-0.5821728481583934,200.0
161,1.702106534771728,2.8924951163668156,1.9455815199718787,-3.1007093977799722,-3.3507017884727754,-0.5994360639206051,201.25
162,1.7370131198115577,2.894279268503406,1.9440579355783925,-3.1184627794929294,-3.3282686476648737,-0.6166992796828157,202.5
163,1.77191970485139,2.8960634206399973,1.9425343511849062,-3.1362161612058874,-3.30583550685697,-0.6339624954450275,203.75
164,1.8068262898912215,2.8978475727765876,1.94101076679142,-3.1539695429188455,-3.283402366049067,-0.6512257112072388,205.0
165,1.8417328749310529,2.899631724913178,1.9394871823979336,-3.1717229246318026,-3.260969225241164,-0.66848892696945,206.25
166,1.8766394599708849,2.901415877049769,1.9379635980044472,-3.1894763063447606,-3.2385360844332602,-0.6857521427316617,207.5
167,1.9115460450107151,2.9032000291863596,1.936440013610961,-3.2072296880577174,-3.216102943625358,-0.7030153584938724,208.75
168,1.9464526300505476,2.90498418132295,1.9349164292174745,-3.2249830697706754,-3.1936698028174546,-0.7202785742560841,210.0
169,1.9813592150903783,2.9067683334595413,1.9333928448239883,-3.2427364514836334,-3.171236662009552,-0.7375417900182951,211.25
170,2.0162658001302094,2.9085524855961316,1.9318692604305019,-3.2604898331965906,-3.148803521201649,-0.7548050057805062,212.5
171,2.051172385170041,2.9103366377327227,1.9303456760370157,-3.2782432149095486,-3.126370380393746,-0.7720682215427176,213.75
172,2.086078970209872,2.912120789869313,1.9288220916435295,-3.2959965966225058,-3.103937239585843,-0.7893314373049289,215.0
173,2.120985555249704,2.913904942005904,1.9272985072500433,-3.313749978335464,-3.0815040987779394,-0.8065946530671406,216.25
174,2.1558921402895357,2.915689094142494,1.9257749228565568,-3.3315033600484214,-3.0590709579700364,-0.8238578688293517,217.5
175,2.1907987253293664,2.9174732462790853,1.9242513384630706,-3.349256741761379,-3.036637817162134,-0.8411210845915628,218.75
176,2.225705310369198,2.9192573984156756,1.9227277540695842,-3.367010123474336,-3.014204676354231,-0.8583843003537741,220.0
177,2.260611895409029,2.9210415505522667,1.921204169676098,-3.384763505187294,-2.991771535546328,-0.8756475161159852,221.25
178,2.2955184804488598,2.922825702688857,1.9196805852826118,-3.4025168869002513,-2.969338394738425,-0.8929107318781964,222.5
179,2.3304250654886927,2.924609854825448,1.9181570008891253,-3.4202702686132094,-2.946905253930521,-0.9101739476404083,223.75
180,2.365331650528523,2.926394006962038,1.9166334164956391,-3.4380236503261665,-2.9244721131226195,-0.9274371634026188,225.0
181,2.4002382355683545,2.9281781590986293,1.9151098321021527,-3.4557770320391246,-2.902038972314716,-0.9447003791648304,226.25
182,2.4351448206081847,2.9299623112352196,1.9135862477086665,-3.4735304137520813,-2.8796058315068134,-0.9619635949270411,227.5
183,2.470051405648017,2.9317464633718107,1.9120626633151803,-3.4912837954650398,-2.85717269069891,-0.9792268106892531,228.75
184,2.5049579906878483,2.9335306155084013,1.9105390789216938,-3.509037177177997,-2.834739549891007,-0.996490026451464,230.0
185,2.5398645757276785,2.935314767644992,1.9090154945282076,-3.526790558890954,-2.812306409083105,-1.0137532422136748,231.25
186,2.5747711607675123,2.9370989197815827,1.9074919101347214,-3.5445439406039125,-2.7898732682752003,-1.0310164579758871,232.5
187,2.6096777458073435,2.9388830719181733,1.905968325741235,-3.56229732231687,-2.7674401274672977,-1.0482796737380982,233.75
188,2.6445843308471746,2.940667224054764,1.9044447413477488,-3.5800507040298277,-2.7450069866593947,-1.0655428895003094,235.0
189,2.679490915887006,2.9424513761913547,1.9029211569542626,-3.5978040857427853,-2.7225738458514916,-1.0828061052625206,236.25
190,2.7143975009268364,2.9442355283279453,1.9013975725607764,-3.6155574674557425,-2.700140705043589,-1.1000693210247319,237.5
191,2.7493040859666675,2.946019680464536,1.8998739881672897,-3.6333108491687,-2.677707564235686,-1.1173325367869429,238.75
192,2.784210671006499,2.9478038326011267,1.8983504037738035,-3.6510642308816577,-2.655274423427783,-1.1345957525491543,240.0
193,2.81911725604633,2.9495879847377173,1.8968268193803173,-3.668817612594615,-2.6328412826198804,-1.1518589683113654,241.25
194,2.854023841086164,2.9513721368743084,1.8953032349868308,-3.6865709943075737,-2.610408141811976,-1.169122184073578,242.5
195,2.8889304261259925,2.9531562890108987,1.8937796505933446,-3.70432437602053,-2.5879750010040743,-1.1863853998357878,243.75
196,2.9238370111658263,2.9549404411474898,1.8922560661998584,-3.722077757733489,-2.56554186019617,-1.203648615598,245.0
197,2.9587435962056574,2.95672459328408,1.890732481806372,-3.7398311394464465,-2.543108719388267,-1.2209118313602114,246.25
198,2.9936501812454885,2.9585087454206707,1.8892088974128858,-3.7575845211594037,-2.5206755785803643,-1.2381750471224224,247.5
199,3.0285567662853197,2.9602928975572613,1.8876853130193996,-3.7753379028723617,-2.4982424377724612,-1.2554382628846334,248.75
200,3.0634633513251512,2.9620770496938524,1.886161728625913,-3.793091284585319,-2.4758092969645586,-1.272701478646845,250.0
201,3.098369936364982,2.9638612018304427,1.8846381442324267,-3.810844666298276,-2.453376156156656,-1.289964694409056,251.25
202,3.133276521404813,2.9656453539670338,1.8831145598389405,-3.828598048011234,-2.4309430153487526,-1.3072279101712672,252.5
203,3.1681831064446446,2.967429506103624,1.8815909754454543,-3.846351429724191,-2.40850987454085,-1.3244911259334784,253.75
204,3.2030896914844753,2.9692136582402147,1.880067391051968,-3.864104811437149,-2.3860767337329474,-1.3417543416956894,255.0
205,3.237996276524307,2.9709978103768053,1.8785438066584819,-3.8818581931501064,-2.3636435929250443,-1.3590175574579006,256.25
206,3.272902861564138,2.972781962513396,1.8770202222649954,-3.899611574863064,-2.3412104521171413,-1.3762807732201119,257.5
207,3.3078094466039714,2.9745661146499867,1.875496637871509,-3.917364956576023,-2.318777311309237,-1.3935439889823242,258.75
208,3.342716031643803,2.9763502667865778,1.8739730534780228,-3.93511833828898,-2.296344170501334,-1.4108072047445357,260.0
209,3.377622616683633,2.9781344189231684,1.8724494690845366,-3.9528717200019376,-2.2739110296934313,-1.4280704205067467,261.25
210,3.412529201723462,2.9799185710597587,1.8709258846910504,-3.9706251017148935,-2.25147788888553,-1.4453336362689564,262.5
211,3.4474357867632963,2.9817027231963498,1.8694023002975637,-3.988378483427853,-2.229044748077625,-1.4625968520311692,263.75
212,3.482342371803128,2.98348687533294,1.8678787159040775,-4.00613186514081,-2.206611607269722,-1.4798600677933804,265.0
213,3.517248956842958,2.9852710274695307,1.8663551315105913,-4.023885246853768,-2.1841784664618196,-1.4971232835555912,266.25
214,3.5521555418827897,2.9870551796061218,1.864831547117105,-4.041638628566726,-2.1617453256539165,-1.5143864993178027,267.5
215,3.587062126922621,2.988839331742712,1.8633079627236189,-4.059392010279683,-2.1393121848460135,-1.531649715080014,268.75
216,3.621968711962452,2.990623483879303,1.8617843783301324,-4.07714539199264,-2.116879044038111,-1.5489129308422247,270.0
217,3.656875297002283,2.9924076360158938,1.8602607939366462,-4.094898773705598,-2.094445903230208,-1.5661761466044362,271.25
218,3.6917818820421147,2.9941917881524844,1.8587372095431598,-4.112652155418555,-2.072012762422305,-1.5834393623666474,272.5
219,3.7266884670819453,2.9959759402890747,1.8572136251496736,-4.130405537131512,-2.049579621614402,-1.6007025781288582,273.75
220,3.761595052121777,2.9977600924256658,1.8556900407561874,-4.14815891884447,-2.027146480806499,-1.6179657938910696,275.0
221,3.7965016371616085,2.999544244562256,1.8541664563627012,-4.165912300557428,-2.004713339998596,-1.6352290096532809,276.25
222,3.8314082222014414,3.001328396698847,1.8526428719692147,-4.183665682270386,-1.9822801991906918,-1.6524922254154932,277.5
223,3.866314807241273,3.0031125488354378,1.8511192875757285,-4.201419063983344,-1.9598470583827892,-1.6697554411777045,278.75
224,3.9012213922811037,3.0048967009720284,1.849595703182242,-4.219172445696302,-1.9374139175748866,-1.6870186569399155,280.0
225,3.9361279773209352,3.006680853108619,1.8480721187887559,-4.236925827409259,-1.9149807767669833,-1.7042818727021267,281.25
226,3.971034562360767,3.0084650052452098,1.8465485343952697,-4.254679209122217,-1.8925476359590805,-1.7215450884643382,282.5
227,4.0059411474005975,3.010249157381801,1.8450249500017832,-4.272432590835174,-1.870114495151178,-1.738808304226549,283.75
228,4.040847732440429,3.012033309518391,1.8435013656082968,-4.290185972548132,-1.8476813543432749,-1.7560715199887602,285.0
229,4.07575431748026,3.0138174616549818,1.8419777812148106,-4.307939354261089,-1.8252482135353718,-1.7733347357509717,286.25
230,4.11066090252009,3.0156016137915724,1.8404541968213244,-4.325692735974046,-1.8028150727274692,-1.7905979515131825,287.5
231,4.145567487559922,3.017385765928163,1.8389306124278382,-4.343446117687004,-1.7803819319195662,-1.8078611672753937,288.75
232,4.180474072599756,3.0191699180647538,1.8374070280343517,-4.361199499399963,-1.7579487911116618,-1.825124383037606,290.0
233,4.215380657639584,3.020954070201345,1.8358834436408655,-4.378952881112919,-1.7355156503037605,-1.842387598799816,291.25
234,4.250287242679418,3.022738222337935,1.834359859247379,-4.3967062628258775,-1.7130825094958557,-1.8596508145620287,292.5
235,4.285193827719247,3.024522374474526,1.832836274853893,-4.414459644538834,-1.6906493686879545,-1.8769140303242386,293.75
236,4.32010041275908,3.026306526611117,1.8313126904604067,-4.432213026251793,-1.66821622788005,-1.894177246086451,295.0
237,4.355006997798911,3.028090678747707,1.8297891060669205,-4.449966407964751,-1.645783087072147,-1.9114404618486622,296.25
238,4.389913582838742,3.0298748308842978,1.8282655216734338,-4.467719789677708,-1.6233499462642444,-1.9287036776108732,297.5
239,4.424820167878574,3.031658983020889,1.8267419372799476,-4.485473171390666,-1.6009168054563414,-1.9459668933730845,298.75
240,4.459726752918406,3.033443135157479,1.8252183528864614,-4.503226553103622,-1.5784836646484386,-1.9632301091352955,300.0
241,4.494633337958236,3.03522728729407,1.8236947684929752,-4.520979934816579,-1.556050523840536,-1.9804933248975065,301.25
242,4.529539922998067,3.037011439430661,1.8221711840994887,-4.538733316529537,-1.533617383032633,-1.9977565406597182,302.5
243,4.564446508037898,3.038795591567251,1.8206475997060025,-4.556486698242495,-1.5111842422247297,-2.015019756421929,303.75
244,4.599353093077729,3.0405797437038418,1.8191240153125163,-4.574240079955453,-1.4887511014168275,-2.0322829721841402,305.0
245,4.6342596781175605,3.042363895840433,1.8176004309190301,-4.591993461668411,-1.4663179606089243,-2.0495461879463512,306.25
246,4.669166263157392,3.044148047977023,1.8160768465255437,-4.609746843381368,-1.4438848198010212,-2.0668094037085627,307.5
247,4.704072848197225,3.045932200113614,1.8145532621320575,-4.627500225094327,-1.421451678993117,-2.0840726194707755,308.75
248,4.738979433237054,3.047716352250205,1.8130296777385713,-4.645253606807283,-1.3990185381852156,-2.101335835232985,310.0
249,4.773886018276888,3.0495005043867955,1.8115060933450846,-4.663006988520242,-1.376585397377311,-2.1185990509951975,311.25
250,4.80879260331672,3.051284656523386,1.8099825089515984,-4.680760370233199,-1.3541522565694082,-2.1358622667574085,312.5
251,4.84369918835655,3.053068808659977,1.8084589245581122,-4.698513751946157,-1.3317191157615054,-2.1531254825196195,313.75
252,4.878605773396382,3.0548529607965675,1.8069353401646258,-4.716267133659114,-1.3092859749536023,-2.1703886982818315,315.0
253,4.913512358436212,3.056637112933158,1.8054117557711395,-4.734020515372071,-1.2868528341456997,-2.1876519140440425,316.25
254,4.948418943476044,3.058421265069749,1.8038881713776533,-4.7517738970850285,-1.2644196933377967,-2.2049151298062535,317.5
255,4.983325528515875,3.0602054172063395,1.802364586984167,-4.7695272787979865,-1.2419865525298937,-2.2221783455684645,318.75
256,5.018232113555706,3.06198956934293,1.8008410025906807,-4.787280660510944,-1.2195534117219913,-2.2394415613306755,320.0
257,5.05313869859554,3.0637737214795213,1.7993174181971945,-4.805034042223903,-1.1971202709140865,-2.2567047770928883,321.25
258,5.086455042466835,3.065476592901447,1.797863243819712,-4.821978632173115,-1.1757091179062384,-2.273181531607886,322.5
259,5.110722050988025,3.0667169329419393,1.7968040501054803,-4.834320758016038,-1.1601136301631307,-2.2851828947755144,323.75
260,5.1268008448151505,3.0660722013589763,1.7967176768824746,-4.84172456341843,-1.1498438142391663,-2.2924404114810595,325.0
261,5.142153785769588,3.056442398611776,1.800417917133062,-4.844037851467528,-1.1404274014400229,-2.2951026203005136,326.25
262,5.151663032458866,3.0399101345215858,1.8071444328313402,-4.839894605601573,-1.1350520678991989,-2.291748305565392,327.5
263,5.151808162651777,3.023135233397025,1.814158928919663,-4.831090679855539,-1.135683858380969,-2.283872647098088,328.75
264,5.1491075280494965,2.9989085057566203,1.8239147789623988,-4.816516243393236,-1.138447327427495,-2.2710891136911733,330.0
265,5.14549000410832,2.96570268613976,1.836277958935826,-4.795531207537354,-1.1421517571482684,-2.2535144511898375,331.25
266,5.142525453937595,2.9378660166873494,1.8458255756339854,-4.777122414173849,-1.1451897951449788,-2.2387384148148266,332.5
267,5.140632143341574,2.920030024916044,1.851868844948528,-4.765252935904313,-1.1471302497883773,-2.2292669408331145,333.75
268,5.139800343997799,2.912194033144741,1.8545238702046347,-4.760038247803853,-1.1479827612053606,-2.2251057821414957,335.0
269,5.139757656122496,2.9117918906783937,1.8546601258868591,-4.759770630430691,-1.1480265120225923,-2.224892231812712,335.354498962
