q1,q2,q3,q4,q5,q6
-4.82458994502917,4.947835336158403,1.8913030254851146,5.724312260696006,1.4482482008906394,-2.381766866036061
-1.1716738173829926,-2.08780959051999,-2.0117619163952227,0.9678582222062773,1.1875501647071474,0.47246602375488816
5.111511447373929,4.195375585976377,-2.0117619423197834,-5.315326929035486,-5.095635098979213,0.18686602493982904
5.108752270405141,4.4782830404441745,-1.8871316785945798,-2.5828058324434156,5.096084806460531,-3.244658818660498
5.108749688627888,4.478282458536393,-1.8871306601426285,-2.5828074413760276,-1.1871046174473896,-3.5302540337952326
1.4617487209839366,5.230511778742352,2.017289819574561,-4.112212284077035,-1.4477298413861004,5.612595765382108
5.108748144889709,4.478275077791339,-1.8871244798880884,-2.582806138190367,-1.1871061546363826,2.1817310364267635
1.458596418765194,-1.3353516024063312,1.8912964303782154,-0.5588647269902484,-4.83493595861411,-4.380966898229891
-1.1744362385334655,4.478275601269396,-1.8871252894328991,3.700379483598736,-1.1871052321236972,-4.672654340015464
5.108795164807299,-2.0925908266387716,-2.002471776551307,-5.319838336466877,1.1902613541433076,-1.8123672888344478
1.4625998051682394,-1.0478922298275821,2.007996579888146,2.1754831896933324,4.834586508474543,-1.2418487713464899
1.4625929379528062,-1.0478892791130803,2.0080091826887196,-4.107718264866057,4.834593739259213,-0.09944899581664118
-1.17438698999217,4.19059521325031,-2.0024690965029865,-5.3198416810257445,-5.092927108201082,0.18683258060985145
-1.1771423095032287,4.471509364480709,-1.878287657973258,-2.5848971143069988,-1.1898076486104334,3.6097063490923027
1.4594604422018105,4.954614716019113,1.882454408199842,5.726380579133804,1.4491253458762976,-2.3818127214379037
-4.820584923865366,-1.0478929558548291,2.0079964701034196,-4.107701287378065,4.834585924119122,-5.240234084709222
5.106123468120086,4.185806287966832,-1.9931514224709057,-5.324372587567819,-5.09025751859506,-5.239586582925033
-1.1798098519603923,-1.8184397076927146,-1.8694072230379317,3.696152217452317,-1.192471635119244,3.6096807632128467
-1.1770619919225915,4.185805703706156,-1.9931512185696154,-5.324371966055993,-5.090257363668115,0.1867983094787852
-4.822873066020608,-1.321801181937299,1.8735753765469922,-0.5546961192373032,-4.833196070931596,3.044527007932418
-1.1798100456771423,-1.8184398716983579,-1.8694074281822943,-2.5870328987886193,-1.1924715350752533,-3.5303041118005583
5.10337515568718,4.464745539386078,-1.8694075815807716,3.6961524557104117,5.0907136655061125,-3.8159041099999698
-1.1770609362044429,4.185806978999933,-1.9931535022916709,0.9588140832750257,1.1929268941887647,-0.9556012503193008
5.103374934573282,4.464745878754893,-1.8694078934877205,3.6961524229994214,5.090713443834341,-4.387104106049904
-1.1798113255428302,-1.8184395883434414,-1.869407990966729,3.6961526820458195,5.09071249347175,1.3248811781854157
-4.818923560532716,5.244877809612127,1.9893479984581928,2.1845432844814843,4.832888616965702,-1.8131644586780968
-1.1824419441698528,-1.8251856165483433,-1.8604942840664884,3.693965981525351,5.08808589389568,1.61045539434161
5.100744048594241,-1.8251867362528316,-1.860493488002616,-2.5892190515938465,5.088086578715059,1.8960555324167252
5.100744311994127,4.457998714687304,-1.8604935680139065,-2.5892191102563245,5.088086841450733,2.4672555265317104
-1.18244090126503,-1.825186772952872,-1.8604933877588015,-2.5892190356311406,-1.195098577093495,-3.5303300375125146
5.10348449052595,4.181007227692136,-1.9838088560813096,0.9542671491409526,1.1955613999763695,0.18676452707101962
1.4642703986484136,-1.0383156078690885,1.9893438423246583,-4.098629513506845,-1.4503054609797335,-5.811552303658258
-4.818915536381315,5.2448825880861305,1.9893366728358248,-4.098635239126116,-1.4503048289248315,-5.525952245783248
-4.818915772515956,-1.0383029902164544,1.98933694769782,-4.098635217899071,4.832880690095198,1.0428328652845356
-4.818098196441995,-1.0334938725148457,1.9799682902608713,-4.094077438758085,-1.4511404170929536,0.7571741427831878
-1.1850351457421227,-1.831922227346499,-1.8515416355281125,3.691731223695378,-1.1976884135693087,-2.6735559335080707
5.098149875163074,4.451262900862998,-1.8515419669972053,-2.591453437412128,5.085497062249643,-3.815956360387682
-1.1822980369008567,-2.1069815577717472,-1.9744457052608542,0.9497054090999979,-5.085032172094754,5.327515453563039
-1.1850359648750695,4.451263073398297,-1.8515419962338642,3.6917318234759438,5.085496239838002,1.3248289388136651
1.4658924663383344,-1.0286749628710752,1.9705736313787043,-4.089503396999824,-1.4519641066330926,-1.8132847021690273
-1.1848677446431573,-2.111803644694269,-1.9650433776742888,-5.338061857781968,1.2007172319694606,-1.526905026867288
-1.1875946266344228,-1.8386477930217326,-1.8425522431382457,3.689449090860544,-1.200243488840156,2.1816027556556428
1.462796867646485,4.981611542255826,1.8467214327340127,-0.5480723199324774,1.4525121769602645,-3.80999436176294
1.465892845016824,-1.028674919052084,1.9705736741015996,-4.089503492770897,-1.4519644871362938,-0.3852846810234356
5.098320976285075,4.171385178156013,-1.965046929941612,-5.3380618076690745,-5.082471483005751,-5.810890428169331
-4.817292159434337,-1.028682584675738,1.970577672067408,2.1936853923943946,-1.4519647305937382,0.75711530218477
-4.820387962963802,4.981621359411848,1.8467184420423508,-0.5480812250145786,1.4525106423644296,4.186793756882802
-4.816496108376649,5.259338925767843,1.961152966916607,-4.084913032678408,4.830406004291799,-5.240528723956575
-4.819582962924678,-1.2948384014702634,1.8376825555194538,5.737415602770041,-4.8298545093337175,-2.6676398179825482
1.463602402103965,-1.2948382199927084,1.8376826352497226,-0.545769965349076,1.4533308540138388,3.3299454903992265
-1.1873977698436198,-2.1166312248424495,-1.9556209370014779,0.9405268426363094,1.2032415263194707,-0.09894032377945823
5.095787368511866,4.166553952023819,-1.9556208651687175,-5.342658395622945,-5.079943607894818,-0.3845403552057667
5.093066711914286,-1.845363379408874,-1.8335241812463754,3.6871186775950235,-1.202762934163224,2.467175687933912
5.095786754593076,4.166554115073847,-1.9556209715720896,-5.342658458272252,-5.079942994774523,-1.8125403484772478
5.093290372224922,4.161715973736273,-1.9461709769461202,0.9359130066491459,-5.077452443628647,4.756209439251238
1.4674725566306082,5.264177223601334,1.9517033356222835,-4.080303381441303,-1.453581241538887,5.040983257667734
5.093290628296253,4.161715784100746,-1.9461708610614894,-5.347271879013264,1.2057325924697904,-0.9557760266457846
5.090576685647242,-1.8520701572025606,-1.8244570393018313,3.6847407624564066,-1.205248155267906,2.4671481172681196
5.093290890166443,-2.1214694479357568,-1.9461708293602873,-5.347272112408763,-5.077453016222123,5.898609384575173
-1.1926074600572938,-1.8520703472980067,-1.8244593313929043,3.6847432208411477,-1.2052470700006928,-2.959237124235632
5.093291157782882,4.1617161737279655,-1.9461707875353256,-5.34727233693643,1.2057320598045056,-5.810961341662859
5.090576967074389,-1.8520698584404767,-1.824456648854117,3.684740056230193,-1.2052479377704068,-2.1024371495868945
1.4682468456859625,5.269027144091652,1.942225531211305,-4.075677183075301,4.828811062097282,-5.240645895838199
1.4682465645580471,-1.0141576554006098,1.9422257544767008,-4.075677913268365,-1.4543739585456112,5.89772473234421
1.468246247233146,-1.0141575802300722,1.942225719593476,-4.075677957293789,-1.4543736936829703,5.040924441399731
5.09082755208724,4.156867128899915,-1.9366931661516686,0.9312828412860896,-5.074995665564112,4.756173253285029
5.088119731263158,4.424417016462536,-1.8153508009931811,-2.6008699110259914,5.0754850408543275,-4.958465094186781
-1.1974910965153147,4.417724440139071,-1.80620932967113,3.6798495306841845,5.073064556092446,1.610292028534532
-1.1947875681395548,-2.1311780532519413,-1.927186500524175,0.9266345842461576,1.210613419508443,5.041736906759629
-1.1947867233534881,4.152007918162698,-1.9271874191687526,-5.356550478478703,1.2106125757618216,-0.6702483853699447
-1.1974887446196818,4.417725647427324,-1.8062042051143645,-2.603342019032731,5.073066963617035,-3.530493482416651
5.088397137791529,4.152009549717214,-1.9271891921370456,0.9266311187549753,1.2106112592867844,1.0433572021106645
5.086001275680982,4.147136990300815,-1.9176516110974255,-5.361216734628344,1.2130036590861295,-5.525470361156676
-4.813421215293151,5.278759806968789,1.9231856866415167,-4.066373317999009,4.827256034034714,-6.097562693898182
5.086000625607752,-2.136049070792712,-1.9176509697747095,0.921968702205946,1.2130043148504597,-0.09908509309432269
1.4697619760605865,-1.0044299271413926,1.9231898263811988,-4.06637302433282,-1.45592714508003,-0.3855773859720749
5.0860007957651305,4.147136397256307,-1.9176517315258985,-5.361216131583883,-5.070181254792488,5.612900621349322
1.4667174083806045,-1.268019982132722,1.8011657604628646,5.747110591936817,1.4565007959673155,-4.0958220391971265
-4.816468158152911,-1.2680200655052183,1.801165892218267,-0.5360747729860594,1.4565002376802823,1.901763381166477
-1.1971852859258791,4.147136189767712,-1.9176510672885632,0.9219689777864362,-5.070180380133319,-1.5270852727924582
-1.1716691945123205,-2.089913227485741,-2.012027867394429,0.9702233993050059,1.1875618586879215,1.0436777386995608
1.4617607957700274,-1.0505648298044472,2.017554617923841,-4.114586597637343,-1.4477223858502934,0.757417082642585
5.108758717818435,-1.806199746932437,-1.888364541171533,-2.5802801460757525,5.096069331088199,3.3241404939648933
5.108758106988541,4.476982789568227,-1.8883636024814134,-2.5802783019514988,-1.187116589893987,-3.2446448207092584
5.111515926445286,-2.0899138306644915,-2.0120279626786686,-5.3129611934586505,1.187561993430534,-0.38432229897193587
-1.1716695168879119,4.193271437521042,-2.0120280025336528,0.9702241719923574,1.1875621862955519,5.6132630534601065
1.4617602606474789,5.2326209565092,2.0175548064983615,-4.114587260479677,-1.447721845294672,5.327002395205043
5.111515282418231,4.193271651555801,-2.0120280782584117,-5.312961278183505,1.187562692910051,4.4708630585131335
5.108802295144537,-2.094678562817256,-2.0027340130583626,0.9656923435614008,1.1902706931746383,-1.5267553563491396
1.4594762450795977,-1.3272835053625238,1.8836891246325398,-0.5593270072818408,1.449118591740254,1.902176096901124
1.4594758299620851,-1.3272839722239995,1.8836897134004411,-0.5593274004832367,1.449116735598974,-4.095409413342648
-4.823708760096997,-1.3272834751717058,1.8836890835545972,5.723858308685334,-4.834066413446616,2.4733760957358033
1.46261294420293,-1.0457984343767854,2.008261196701751,-4.11006133237086,-1.4485924177968041,-0.3850422352975272
5.108803047907171,-2.094678544234753,-2.0027339464957103,-5.317492723274319,1.190269800476296,-0.0987558123748638
-1.177131699904932,-1.8129574904701022,-1.8795257210586997,-2.582380973312714,5.0933678911142515,-2.9590698125126353
1.4594767901250885,-1.3272837743147323,1.8836889519448832,-0.5593265697228358,1.4491191408165307,-2.6674092134938423
5.1060524726503616,4.470220152257894,-1.87951863813279,3.7008048497132635,-1.1898185301234074,3.8953157332691517
1.4626131248959744,-1.045799003821918,2.0082610625190855,2.1731246766486247,4.834592702787856,1.042957761445401
5.103384436931543,-1.819715712049022,-1.870638536979821,3.6986558802250245,5.0907026047775785,4.180890494097048
-1.1798006464890562,4.463469569401402,-1.8706386733979157,-2.584529252639561,5.090702833178794,3.8952904597516587
-4.819731904872611,-1.0410239287927179,1.9989430381264572,-4.105519428139937,4.833734424212486,-5.811486759770822
-1.1798006496860052,-1.819715110081027,-1.8706395077766458,3.6986562471067903,-1.1924824875136915,-2.9590948138003013
-4.819733791484785,-1.0410361545540767,1.9989525206220922,-4.1055166795546825,-1.4494489624049969,-0.38510148772861297
-4.819732035337913,5.242161734349811,1.9989430826759043,-4.105519825742525,-1.4494507488673485,-0.6707014498073732
-4.822857492758129,-1.3205226346789558,1.8748067391937508,-0.5572061126236092,-4.833202566488416,2.187730102829414
1.4634510358737693,-1.0410235132437435,1.9989478391637991,-4.105524622281751,4.833736813141296,5.041283872453823
5.106127281684925,4.183732852175364,-1.9934151076002968,0.961145555145646,1.192940324884464,4.756395559544502
-4.819732684688598,5.2421615857985575,1.998943070334339,2.177665647099379,-1.449450101035675,-1.8131014462399757
1.4611670109402373,-1.3137737523560602,1.865887179606969,-0.5550366814995392,-4.83235110549516,-4.666700251723114
1.4642815804332614,-1.0362393900764948,1.9895994142372266,-4.1009622251334115,4.832888150401129,-1.2419604036634209
-4.822017985968705,4.969411653622032,1.8658871446284333,5.728148668321767,-4.832350570971415,2.1876850186833416
-1.1824318971100318,4.456730278277941,-1.8617214705279002,3.696459103734542,-1.1951096941222838,2.75286476244377
-1.182431817053416,-1.8264549776109356,-1.8617214422661101,-2.5867261314315275,5.088075516210557,-3.244720823642221
1.461167744715745,4.969411464450012,1.865887001184245,-0.5550364026278234,-4.832350387203323,3.615685060074496
1.4611726302584904,4.969415346355943,1.8658959386703888,-0.5550492445123725,1.450839770321517,-2.381900250575525
-1.1824317290613797,4.456730620477565,-1.8617210556679153,3.696458298169689,5.088075634256436,4.180864530500401
5.098158977196258,4.450002862001604,-1.852766212831235,-2.588973090621218,5.0854851039671605,-2.1023461253721805
1.4619957150990295,-1.3070353084163302,1.856932512125385,5.730363886177405,-4.831510082757324,2.758839611918414
1.465098973077884,-1.0314466241227995,1.9802305208789883,-4.0963876614451795,4.832052497431634,-0.9564195803885954
-1.1850272446630603,4.450002591020067,-1.8527671769688177,3.6942139819753192,-1.1977007394930852,-4.387146972853108
5.09815831009417,4.450002629760848,-1.8527668172735334,3.6942134563306985,-1.1977005749017153,1.6104385523942117
1.4619947684444263,4.976149131308378,1.8569300385162044,-0.5528178798508383,1.4516747109219303,1.3308393734933583
-4.8172802951439735,5.256543361842409,1.970834049032343,2.191387737120072,4.83122809643124,-1.5276784882870083
1.4659048749888,-1.026641797863239,1.9708338972259596,-4.091797566950609,-1.4519570737053855,-1.2420784880566322
-1.1848627108483714,-2.1138315393414007,-1.9653039095197042,0.9474078347523444,-5.08245672647539,5.327491377086879
5.098323516922943,-2.1138307877403304,-1.9653052163912652,-5.335777088635641,1.2007276240716036,5.613091857770061
-4.820373372670151,-1.3003087837681393,1.847934788886581,-0.5505510645480804,-4.830680482605846,2.758793966799232
-1.184862351141154,-2.113831116704406,-1.9653038029509469,0.9474072752205928,-5.082457091477434,-5.5252791498036515
-1.1875904030812356,4.443283233699768,-1.8437823332565924,3.6919300615871666,-1.200259620327456,4.1808119537077335
5.095791639278737,4.164541171813295,-1.9558807086244672,0.9427955233622647,-5.079931485529404,0.7578707302801584
1.4666987314155053,-1.0218252239684715,1.9614178804173508,-4.087199814993625,-1.452769380498815,-6.097322571810184
-4.816484911918853,5.2613573604429185,1.9614111930622782,-4.0871902541580365,4.830414291487007,-0.3853373903284281
-1.1901098744605179,4.436577287613205,-1.8347428234404155,-2.5936066495938075,-1.202774476233796,2.4671847393799378
5.095791696916413,4.164540806072967,-1.9558803829649867,-5.340389730818101,-5.079931563390922,5.041856022312867
-1.1901103548765921,-1.846607844309977,-1.8347428874021847,3.689578809190388,-1.2027748598711132,1.324784223742765
-4.8157009848599035,5.2661818992529605,1.9519610787991375,2.200618802587309,4.829611704561497,-1.242196020412506
-1.1898895337491486,4.159716921900914,-1.9464299862440928,0.9381675757928483,1.2057426524948738,5.327419622822717
-4.8157005234249874,5.266181926006246,1.951960942187921,-4.082566398965944,4.8296112423787125,5.897789283360277
1.464411888891899,4.996302449361527,1.8298285362559163,5.737312828324852,-4.829053978587064,3.0443028419691958
1.464412018788393,-1.2868834910819702,1.8298288679371693,-0.545872177387507,-4.829053847687249,3.3299028384501446
-1.1925996406714015,4.429878500858348,-1.8256724189624485,-2.595995787739731,-1.2052594818588702,3.6095571300615634
-4.815700713505852,5.266181096338152,1.9519614525888782,2.200619227227492,-1.4535738781174363,-5.526181320321855
-1.1925996731923245,4.429878656637821,-1.8256722966291683,3.687189236684807,-1.2052595201076097,-2.1024281695941407
1.4652001542187705,-1.2801807636761797,1.8207236583920678,-0.543470551178986,-4.8282521572688175,-2.382128050882915
-1.1950562279924637,-1.8599971400273696,-1.8165634588799415,3.684753703024562,5.075474160302601,3.6095291166616996
-1.1950564447249328,4.423187752484443,-1.8165634986089683,-2.598431153839264,5.075473940895857,-3.530456185860565
-1.1950574739530093,-1.859998352143879,-1.8165654880021365,-2.598428586366101,-1.2077122533868994,-3.816055935745851
-1.192345326900399,-2.1282960908148825,-1.93696357745719,0.9335263585914141,1.2081936371983442,5.327386505727496
1.4682562206392493,5.271018048318856,1.9424889944866208,2.2052531524566086,4.828821118182724,-1.2422546945166633
-1.192351939189054,4.154882964314084,-1.936951682198538,0.933530630605353,-5.074986833334772,-1.5270066905422153
-4.814936122919507,-1.0121753147176438,1.9424986838050113,-4.077933698377726,-1.4543571795114603,-1.8134541603900067
1.465968025924154,-1.273492005027794,1.8115670491204947,5.742181737585167,-4.827471445267075,-4.6669731308086675
5.0857044911611915,4.416504202085937,-1.8074151057799086,3.68227245510936,-1.2101306312642244,1.895900681791781
-1.1974803765774942,-1.866680884033611,-1.8074143821450106,-2.6009137900898947,-1.210130188624552,-3.816084633225957
-1.1947825201653823,4.1500366908776245,-1.927442920501188,-5.354327319397301,1.2106253233048117,-0.38463798637128344
1.469021824583276,5.2758634199071786,1.9329778462043168,2.209916690442397,-1.4551486349758298,-0.09990890891808253
5.088403022433076,-2.1331484006446217,-1.9274428869320321,-5.354327742356982,1.2106246280515038,-6.096622807772892
5.085705234836328,4.416504664971314,-1.8074139964763247,-2.600914412269599,5.07305542797779,3.8951006701200774
1.4667347853844253,-1.2668097039856048,1.8023773135772363,5.744688520821951,1.4564956141943792,-2.3822193394303204
1.466732248352129,5.016380264046943,1.8023733493163268,-0.5384972050036233,1.4564931976873718,-2.6678187270149136
5.086008524477425,4.145181673806299,-1.9179104198913413,-5.35900637393389,-5.070172441380893,-6.096659736411438
-4.81340940338182,-1.002463715323604,1.9234410897600422,2.2145941424274325,-1.4559217376961806,-0.09997161264351126
-4.816453447044111,5.016380005894644,1.8023737295002715,-0.5384977296543934,1.4564927028590633,-4.095819207998991
5.0833153197907395,4.409844133364841,-1.7982388785906926,-2.603445576289865,-1.2125145456047033,-4.387313415085133
-1.1971805441979428,-2.138005770523407,-1.917906742578372,0.9241773959311607,1.213016622517023,-1.5270743962098376
5.0860046908343355,-2.13799348338454,-1.9179145097341601,-5.359012416658263,-5.070168578700383,-1.812674438625712
-1.1744177657254018,4.475686097675133,-1.8895953744905023,3.7054318756993574,-1.187127516034095,-2.1022353332072394
1.4617734779111173,5.234733711805346,2.01781425905448,-4.116960289650706,-1.4477155538503172,-5.525761585796808
-1.1744178247202586,4.475685566529606,-1.8895952217516812,3.7054322680727334,-1.1871275802572643,3.6097499377026057
-1.1716647769337987,4.191163891027136,-2.0122876636103513,-5.3105983373590115,1.1875737367155472,-0.38431053909207885
1.4586284705820427,4.950426808886503,1.893769041673782,-0.5639314111912717,-4.8349492029851096,1.6166247948282308
-1.1743781346962545,4.1864147345390395,-2.002992552813191,0.9680388701435524,-5.0929033267675345,5.042041116390382
-4.8205644048942675,5.239481721057769,2.008524529587446,2.1707650216808387,4.834604437293417,5.326949641066614
-4.820560275297065,5.239484524412204,2.0085205345450903,-4.112419118166687,4.834600299499741,5.898149627414263
1.4594929763068645,4.957193874778264,1.8849181005497524,-0.5618484937028718,-4.834072554434812,3.330179248419531
-4.820559500510414,-1.0437013704843527,2.008519492065318,-4.112417493508862,-1.4485857906725734,0.7573643103513693
-4.823692308447937,-1.325991845126007,1.8849179645259446,-0.5618479448136311,-4.834072527589792,-2.0962060602491643
1.4603442036142225,4.963946442301837,1.8760322499731314,5.7234691595759974,-4.833208970378656,-2.3818516152035696
1.4634650275372159,-1.0389424853672413,1.9992016354577757,2.175325063037386,-1.4494430303102086,-5.811480291948705
-1.1797917456776408,4.46218754392831,-1.871864687703171,-2.5820246254056065,-1.192494051707285,3.3240996208610154
5.103393510371851,4.462187481027952,-1.8718647510681594,3.7011607184277784,-1.1924939634387577,3.0384998234245253
5.106132438267144,-2.1015289593624535,-1.9936724651424598,-5.319710156316435,-5.090233821511474,-0.38437825669070697
5.103393270843374,-1.820997890959784,-1.871864869710043,-2.582024407263247,-1.192494199903725,2.467299825570774
-4.822841570095696,4.963944847873879,1.8760340938110662,-0.5597163887636047,-4.833209444539851,2.1877336849178617
5.103393049073223,4.462189636190585,-1.8718666559600188,-2.5820248434285897,5.090690875294986,1.8960998178266282
-1.1797924374072084,4.462187509846027,-1.8718649003230643,3.701160830090642,5.090690702143668,-4.672685478908148
5.106131854612938,-2.101528778209329,-1.9936725398211594,-5.319710268955277,1.1929520684061146,-1.8123782494402025
5.100761140482774,-1.8277293194356121,-1.8629455001381299,3.6989531781480114,5.088062963441612,1.3248742522064272
-1.182423183826616,-1.8277288733350054,-1.8629441441959425,3.698952176087666,-1.1951212901789632,2.1816740244465365
-1.1796908339110899,-2.106296915393221,-1.984327001500292,0.9588957243487323,-5.087601201551393,5.613172618685674
-1.1796880721107625,4.176890414512793,-1.984331352760771,0.9588980516920677,-5.087603961566268,-0.3844127491247883
1.4611835658920334,-1.3124978390134487,1.8671093612925607,5.725650110276863,1.450828265928539,-2.6674971828928165
-1.179689894342033,4.176888134122572,-1.9843287270342362,-5.324287630161831,-5.087602006952592,-5.23959782794314
-1.1850173514978646,-1.8344484843217512,-1.8539862626210133,-2.5864899841179825,-1.197711214292334,4.18084773909847
-1.1850173598054365,-1.8344483880014397,-1.8539857329286669,-2.5864906093284272,-1.1977112212288723,-2.387937569938489
5.100892470959301,4.172111086618263,-1.9749563228677502,0.9543006687378968,1.1981805447036586,0.47235225019603255
1.4620115260883157,-1.3057683894645662,1.858149412184706,-0.5553056986226333,1.4516689657252209,-2.9531419320362855
-4.821173847479591,-1.3057757663837437,1.8581569568128815,-0.5553057589828638,-4.831516384779913,2.4732425043047757
-4.818074106958657,5.2537911932445205,1.9804850488161105,2.1844898580733627,-1.4511256019592702,5.041172017136129
-4.8211749577572665,-1.305768052553643,1.8581491825466918,-0.5553053818240673,-4.831517169531655,-4.952343207463854
-4.820358669551758,-1.2990487510647049,1.8491508718514633,-0.553027575063032,1.4524971100957433,1.3307969554660644
-1.184858270874025,4.167322672361948,-1.9655581975611998,0.9496891026262877,1.2007404946836626,4.756302670477673
-1.184858262670074,4.1673228991557,-1.9655585156951398,-5.333496104135499,1.2007404912874304,5.041902646857698
-4.817267866726888,-1.0246052286443121,1.971087995162756,-4.094088971424066,-1.4519502210388053,-0.6708722899294087
-1.1848578140918256,4.1673225603367765,-1.9655580056203197,0.9496890358006429,1.2007400402453559,-0.38448266544220305
-1.1875758431494194,4.44202802578845,-1.844991005602462,-2.5887946637241455,-1.200265291078685,-2.959164305567029
-1.1848575931273089,4.167322954012106,-1.965557997451256,-5.333497047455987,1.2007398103400617,-5.810867777816647
-1.184857594966031,4.167322994506732,-1.9655579052841612,0.9496885044937939,-5.082445489850064,0.7579173293560818
1.465915246064999,-1.0246082392433127,1.9710918365793808,2.1890955456614307,4.831237289791876,1.0427275678639634
-4.819552626482616,4.9908458363191075,1.8401138489405207,-0.5507007077264884,-4.829868942820066,-2.0964339552158857
-4.819552588189417,4.990845920866203,1.8401139183094177,-0.5507008619937231,-4.829868905961771,3.901151352061571
-1.190094388478071,4.435332412062362,-1.835964375007847,3.692042785212182,5.080405928322211,3.6095911014248236
-4.81647257093982,5.263379018237783,1.961664311684521,-4.089465904932369,4.830421289742561,-6.097316498751297
5.095797623078797,4.16252505054944,-1.9561349083078283,-5.338123486924449,-5.079921096769037,5.898667126784251
5.093084145848878,4.435327189843659,-1.835955960852746,-2.5911467180776913,-1.2027860167191957,-3.815991515182096
5.095796402417819,4.162524133794815,-1.9561336674335483,-5.338123802025493,-5.079919877293403,-1.24131818631105
-1.1873891663396972,-2.1206611646236304,-1.9561338318977315,0.9450618505744663,1.2032655012381144,-1.526918493059356
1.466703751885314,5.2633702594361225,1.9616775195061702,-4.089470298836209,4.830430301750599,4.469854257405947
-1.1898855903163863,4.157715007813754,-1.946681675658656,-5.342768190856714,1.2057562917556965,-1.8125540598682572
5.093301476155568,4.1577170379317465,-1.9466846178033046,0.9404179368906002,-5.077430779308917,4.756231458145994
-1.1898855667118047,-2.1254705961581557,-1.9466819974145373,-5.342767572548818,1.205756270394537,-1.2413540586668599
-1.1925909450333188,-1.8545482248001204,-1.8268840139946154,3.689639259759429,5.077914277840615,2.181566126644856
-1.1898851723576693,4.157714759574212,-1.9466815675762807,0.9404174646614405,-5.077428914185239,-0.670154475690881
1.4644268798563977,4.99754679787471,1.8310387652763638,-0.5483274490897208,-4.829061377741756,-3.5244795096114316
5.0905935389187835,-1.8545465266050654,-1.826884597052536,-2.5935471571281856,-1.2052718545698025,3.323966134595892
-4.817974674687787,-1.2789467114531965,1.8219236793577274,5.73728031478631,-4.82826394691876,-2.096525180592573
5.08813763955761,4.4219535949780155,-1.8177704591180213,3.6871920527858246,5.075462514012818,-2.3880472532366737
-1.1950477034845493,-1.8612318544587458,-1.8177706426566493,-2.595992927808376,-1.2077228347298492,3.3239380535530176
-4.8149146430442,-1.0101750950396222,1.942734269966347,2.2030149421984504,-1.4543593053623591,-0.38544869632561923
-4.817975427653148,-1.2789464516864488,1.8219241705853466,-0.5459057380493446,-4.828264706545886,1.6162601302828632
1.4690333767931225,-1.0053429149997275,1.9332271048877625,2.207688299144761,-1.455140884291394,-1.8135073019408794
-1.1974714525418626,4.415278414899913,-1.8086199591855943,3.6846999278599077,-1.2101414594846427,1.895909528064262
-1.1974709440357503,4.4152792613269,-1.808620360244675,-2.598485245860135,5.073045387155623,-3.8160755303888116
-4.814152604179281,-1.005344108267496,1.9332289245276468,-4.07549763228394,-1.4551402056399632,5.897678004240767
-4.8172066091091965,-1.2722683878070076,1.8127835915727633,-0.5434441160127379,-4.827482013045102,-2.6677698159920347
-4.817201730395632,-1.272262256306959,1.8127695282944578,-0.5434361217801925,-4.82747716568693,4.186614500398014
5.086010182392324,4.143219894918286,-1.9181561189418093,-5.356802657089312,1.213027617722295,1.043336280884648
5.086010200310958,-2.139965555882441,-1.918156157779277,0.9263828322593555,-5.070157706256885,-5.525449025238436
-1.1998633268511603,-1.8745758869969598,-1.7994268442440111,3.682159331000732,5.070657282180736,-2.959304689304899
5.0833218431131995,-1.8745757984694313,-1.7994271552247862,-2.6010257572287943,5.070657142618254,-3.5305046857193583
-1.1998636381573131,-1.8745756128522917,-1.7994273547117625,3.6821595657178903,-1.2125283386816461,-3.816104690690747
-4.8133977250144415,5.28268364783261,1.9236924783223577,2.2123800437169594,-1.4559140737022769,5.326419475007492
-1.1998643844301877,-1.8745637521123337,-1.7994370409174507,3.682157406279059,5.070656190618645,1.8958805720737488
-4.813398194202302,-1.0004986825373927,1.9236906181488236,-4.070806379281162,-1.4559136104448211,4.755219489889965
1.4697869385632778,-1.0004988401496215,1.9236907133914163,-4.070806315635521,-1.455913436818792,4.469619490481375
5.10877670067358,4.474382486850121,-1.8908226861540167,-2.5752260870198023,-1.1871387146674481,4.180959418251286
5.108777149165332,-1.8088032219389474,-1.8908232445468443,-2.5752251067677117,5.096047052663279,-2.6734259497987805
5.108776685064177,4.474381970184952,-1.8908227664275605,3.707959941668572,5.096046527979106,-2.9590260842077636
-1.1716571578767165,4.189057238477382,-2.0125465963505347,0.974948109232499,1.1875823918167465,-0.38429884118379043
5.11152508974295,4.189052576905741,-2.0125410530849672,-5.308238044826788,-5.095599866821053,5.61328648315972
1.4586442633640837,-1.3314647235196604,1.8950042958037108,-0.5664608822847914,1.4482292892553237,-4.095357338530634
5.111524774706252,4.189052567153764,-2.0125411282444814,-5.308237962765447,-5.095599551734663,-1.2410988203040185
1.4586450140332763,-1.3314511256375767,1.8949947889766416,5.71672033030765,1.4482300471934433,-4.952157287469016
1.4595080451932712,4.958491260151176,1.8861425865602746,-0.5643707949298846,-4.834080051445215,-4.666602874511418
5.1088120040354275,-2.098865965108567,-2.003245009993826,0.9703823906093404,1.1902934256535591,-1.2411326189632919
-4.820544164611283,-1.0416020092963303,2.008776037171909,2.1684123663425496,4.83460683019841,-0.9562370289983698
1.46263806180361,-1.041599706134489,2.008771766198778,2.168413077781359,-1.4485785727664677,5.612556180252287
5.106072779566809,-1.8155340328126834,-1.8819869450222517,3.705834859780068,5.093346359379283,-3.244650633953359
-1.1743729653612678,-2.0988659620010055,-2.0032445740306226,0.9703819506644594,-5.092892221333808,0.18686739741539024
-1.1743724724381148,4.184320056078604,-2.003245283629479,0.9703819455435528,1.1902925931318138,0.47246739352676714
5.106070759568393,4.4676349938704805,-1.8819718745332377,-2.577349144016758,-1.1898409262489968,-2.1022507632562566
-1.17978268400689,4.460900336556787,-1.8730847629309642,3.703664091325418,5.090679885677896,4.1809095407055485
5.103402600999535,4.460900134577614,-1.8730851992334938,-2.579520390637165,5.090680294395476,-2.387876015126153
-1.1770480169222832,-2.1036088732470013,-1.9939234933811323,0.9658021352338416,1.1929632310710896,0.18683303685758285
1.4603599165509844,-1.3179488757755595,1.8772528488976004,5.7209581478996965,1.4499695216196165,-3.238648474645696
-1.179782987628211,4.460899981287546,-1.8730853085110597,-2.5795200314623585,-1.192505466776337,-3.815876134271022
-1.1770484257311455,4.1795762709327215,-1.9939236726736664,-5.317383144761596,1.192963332153243,-0.9555667577517758
5.1034019429849815,4.460900100312153,-1.8730853409180424,3.703665183019002,5.090679465151372,-4.672676128594666
5.106136946207907,4.179576680589383,-1.9939242305413896,0.9658023295133478,-5.090222044135086,4.470818483736946
-1.1796836646863755,-2.1083620861137837,-1.9845845887650597,0.961213326869223,-5.087593408464882,-1.8123975919414612
1.4643063348158976,-1.0321026024167617,1.9901055248761934,-4.105606531434318,4.832902320308094,4.7556373872864395
5.100776055678518,-1.8290052559094312,-1.8641677433355244,3.70144864951965,-1.1951276504679995,-4.387101809190628
5.103499020178667,4.174823549166893,-1.9845771116675994,-5.32197883541663,1.1955958616785152,5.327584010867961
-4.818878473017726,5.2510827144539505,1.9901055205602107,2.1775787959017743,-1.4502835481336656,-0.3851478107937328
5.1007715817904895,-1.8290080114668854,-1.864161087477014,-2.5817404900248433,-1.1951321188981365,-2.959102014321262
-4.818879815116143,-1.0321052290005992,1.9901083834975808,2.177578568281069,-1.450282114400334,0.4716519635241028
5.098176316194648,4.447465161921785,-1.8552005707681358,3.699177885084616,-1.1977229555094018,1.8960569849316586
1.46511878040344,5.255841289734544,1.9807418365464604,2.1821822659710617,-1.4511137539957395,4.755578312066924
1.4659293095433508,5.260621755034334,1.9713396071686415,-4.096382993401179,-1.4519426796106862,-1.527666062280138
5.098331792240018,-2.1178976099882383,-1.9658061934583362,0.9519680084503612,-5.082433236425073,-1.2412714762730546
1.4659301792032249,-1.022564450399696,1.9713375857139406,2.1868057449018568,-1.451943143737305,-0.9564673913287302
-1.1848508817551406,-2.1178956010068566,-1.965809931528087,0.9519697910222522,1.2007494392178686,-0.6700716870677398
1.4628426799711367,4.985397056125965,1.8503654031456445,-0.5555030105007674,1.4524907391386428,-3.5243853673296384
-4.817254809562072,5.260619760236338,1.97133613248293,2.1868077773802224,-1.4519438878761293,0.4715339153714904
5.0983324065254525,-2.117897114941795,-1.9658060418660646,0.9519672113802365,-5.082433833568895,0.7579281682541297
1.463647905756482,4.99210365869345,1.8413214849518365,-0.5531665607555312,1.4533092154740612,-2.667630984960807
5.0958013754686,4.160503897312851,-1.9563807705437148,0.9473248366289367,-5.079908507579893,-0.6701071085706268
1.463646791658669,4.992103267684549,1.8413236320564772,5.730016990482602,-4.829877219978635,1.9019543202586116
5.095800902152421,-2.1226811872349245,-1.956380857750591,0.9473246974844499,-5.0799080356835296,4.470678200413179
5.093304489314059,4.155709160034307,-1.9469279503469727,0.9426652935402651,1.2057678761822164,-1.2413430865551418
5.093304778399712,4.155709046859591,-1.9469278220374528,0.9426652777679937,1.2057675873154143,5.32744222442787
-4.815676756585098,-1.0129854826980191,1.952459603083466,-4.087084364245223,-1.4535590912948435,-0.6709839500479132
1.4675090535749162,5.270199627476659,1.9524595076131959,-4.087084073877915,4.829625712495054,5.897801352788798
-4.815677292670387,5.270199558305501,1.9524615287929816,2.1960999360700972,4.829626837499067,-0.09978476854418358
5.090602953065908,4.427388775691739,-1.828087147903906,-2.591097871852092,-1.2052826434627029,3.8951751560338765
1.4652255081253271,5.005480553297899,1.8231255123739474,-0.548349161324201,1.4549139344734638,-2.6677222954773834
5.090842330714735,-2.1322821805060688,-1.9374470812467273,-5.345196216017683,-5.074961204956697,-0.09897940329990723
5.090842099886575,-2.1322823096579393,-1.9374471666078759,0.9379893032810104,1.2082243342076682,-0.6701794003441214
5.090841987336138,4.150903042505173,-1.9374472587906575,-5.34519614132743,-5.074960981716348,-0.9557791980513217
1.4652248707269728,5.005480705497261,1.8231258535173596,-0.5483496501472286,1.4549132928646298,1.9018630145625641
-1.1923469690956492,-2.132283290693569,-1.9374519508634849,0.9379950291269881,1.2082281069984047,4.756205954841176
-1.1923450534682085,-2.1322800349865365,-1.9374489184963408,0.9379901042316181,-5.074959423590059,4.470604583155493
1.469045448844455,-1.00336046344569,1.93347114820126,-4.077724179409552,-1.4551336344896033,-1.8135014266561589
1.46599792341307,-1.2710277636541416,1.8139685509104555,-0.5458700044791749,-4.827485088775073,1.9018173496493982
5.085721742203444,-1.8691392022161633,-1.8098180561081558,3.6871271425189294,5.073031560102671,2.181518440072743
5.085721843480096,4.4140460124263114,-1.8098179812432893,3.6871271621370276,-1.2101536455779096,-3.8160668684466317
5.085722103748306,4.414046213887426,-1.809817958583834,-2.5960583631051186,-1.2101533647024048,3.3239184280013485
5.0857221999604,4.414046210564834,-1.8098176666481194,-2.5960586520444187,5.073032022049492,3.609518433560247
-4.814139025167892,5.27982453978156,1.9334709947735256,-4.07772373045064,4.828050835847742,-5.5262867407256255
-1.1947738180979781,-2.1370949966300805,-1.9279408873174022,0.9332944219319522,-5.072536408419671,1.0433839719698836
5.0860146849573145,4.141256404754304,-1.918399807897098,-5.354599248359525,-5.070145797545604,-5.239838342503843
5.086014926231,-2.1419293593315736,-1.9183997262479182,-5.354598874741794,1.2130392712741564,-6.096638338446506
1.4697993305765202,-0.9985302279972789,1.9239339939655968,-4.073018695031629,-1.455906534962413,5.612024839607236
-4.813386124971703,-0.9985302070720018,1.9239340035314831,2.2101664031927357,4.827278933394987,-0.9567600245074441
5.0833298212478315,4.40738540586155,-1.8006235267773933,3.6845768755444315,5.070644962007159,-4.387295855102204
-1.1998560613959386,-1.87580016454381,-1.8006243614269966,-2.5986072373599285,-1.2125408271893807,1.61028925761554
1.4667606410957963,-1.2643580419439882,1.8047718699062651,-0.5433438594066335,-4.826708242281686,1.3305717516718303
-1.174399403871765,-1.810112355835087,-1.8920444166914823,3.710486877069728,-1.1871501950210084,4.180968675299781
-1.1716553032473365,-2.096247136149683,-2.0127880278233485,0.9773042355748616,1.1875967563657694,-5.525072419248633
1.458664382071926,4.953041890966537,1.8962197170430568,5.714186961660827,-4.834958622373611,3.615831696510349
-1.1743995548471122,4.473072172276522,-1.8920460866967574,3.710489327729094,-1.187150009955547,2.752968935929845
-1.1743974325595468,-1.8101044933285555,-1.8920534197399326,-2.572697336839385,5.096037412097942,-3.815816359529023
-4.8213878864308075,5.238970885903578,2.018315973175592,-4.12170080247399,-1.4477005409233084,5.041422341597048
-1.1743997053186868,-1.8100971288989718,-1.8920569382899122,3.7104841860958557,-1.1871501930709096,-4.672616436730683
-4.82138853915325,-1.0442127698060424,2.0183175879811195,-4.121704067068267,-1.4476998822885208,4.470222421750623
1.4626501421815254,5.243690156275889,2.0090177114434935,-4.1171235266727235,-1.4485712129579091,4.47016275115287
-1.1771061265513156,-1.816851777372165,-1.8831906816075974,3.7083528702873316,-1.1898528244366833,1.610543992460088
5.10607947051607,-1.8168518856039684,-1.8831907891908024,-2.574832217274447,5.0933327713721415,-4.101441316892649
-4.820534367374644,5.243689783965241,2.0090180329499763,-4.117123479374484,-1.4485720080598663,5.61256274435032
5.108816795076628,4.182220012787436,-2.0034906438445756,-5.310462396743025,-5.0928804141618285,5.898864053625937
1.4626511210516109,5.24369000359178,2.0090175498578944,-4.117123219681886,4.834613113171758,-5.8114078819465
-1.1771053631578385,-1.8168487714526529,-1.883192427151024,-2.5748336776181464,-1.1898520620525204,-2.3878413391446776
1.4634910672430046,-1.0347675764770756,1.999696114069601,2.170654098398306,4.8337551027422725,1.0429179565659423
5.106142322695134,4.177493217569117,-1.994168985940231,-5.31505904742905,1.192974152279216,-6.096340576876325
-4.819694808598721,5.248418364286516,1.9996962516506454,-4.112531974075621,4.833755677694845,5.041303267480464
-1.179774157187844,-1.8235770926260715,-1.874301249008141,3.706169469078931,-1.1925169299693976,1.6105185511991258
-1.1797743870770823,-1.8235781831405655,-1.8743002032585125,-2.5770157463674543,5.090668215040439,1.3249184932425415
5.103506911996426,-2.1104330803528963,-1.984832237674875,0.9635287136724825,1.1956042759758756,-1.5267898927713806
-1.1796812403726784,4.172755691319363,-1.9848217780242892,-5.319670521593704,1.1956070916493307,-1.241189903165972
1.461213993605028,-1.3099290339521914,1.8695385447364696,5.720651283899137,-4.832371577824393,-4.095490960022479
-1.179681556319323,-2.1104299005559364,-1.9848211147018302,0.9635144161244537,-5.08757789967788,-0.6699899093427071
-1.1796813718537085,4.172755257882004,-1.9848209596140693,0.9635144101720143,1.1956072219909883,5.898795397475791
1.4612149465628985,-1.309928999952677,1.8695374682517014,-0.5625329858495625,-4.832370616320287,-2.0962909637247362
1.462042266714084,4.979969839930478,1.860570662955234,-0.560280597960244,1.4516548624935113,4.186848688743527
-4.818048828002558,-1.0252810442504827,1.980976701457143,-4.103301681221954,4.832073217961225,0.7571993041224863
-1.1822824997611865,-2.1151773525576405,-1.9754476744258895,0.9588867496894289,-5.084982396164386,0.4723750710298786
-1.1848488985119492,-2.1199358709921765,-1.9660482120717848,-5.328941092551997,-5.0824215499435175,4.756325009515093
5.098336603605634,4.163249285922417,-1.966048104797775,-5.328941047638927,1.200763562950047,-0.9556602977163635
5.095626084771045,-1.8436906472417798,-1.8474058617803646,-2.5838530756136264,5.08289636271437,2.4672391065224186
-1.187558904820468,-1.8436903641118125,-1.8474056148646614,3.699331617039825,-1.2002888305641144,3.6096393113094765
-4.817244730665946,-1.0205294612513391,1.9715832720513773,-4.09866148742671,4.831250722563716,0.7571401178222573
-1.1875588226154874,4.439495232811408,-1.8474056285243141,3.6993313354432376,-1.2002887451101087,-2.1023459830295383
5.093101960212867,-1.8503743738840657,-1.8383653119735948,3.696957566646947,-1.2028086385006422,3.6096119758362013
1.466737088319868,5.267433233822175,1.9621521550512848,-4.094009405218675,-1.4527496446263874,0.18588106560652187
-4.816448844757884,-1.0157518863482313,1.9621523103070084,-4.094009763674076,-1.4527489806710656,5.041066376120919
-1.1873799865615002,4.158480195273878,-1.9566221962957704,0.9495858624820789,-5.079896147029075,4.756289527721498
5.095805591684786,-2.1247048984390173,-1.9566218400002127,0.9495853798052297,-5.07989640861142,-1.8124960242383559
-4.818729022755338,5.000051503938599,1.8334423211219044,5.729948835011473,-4.8290765871379735,1.6163116265812492
5.090611026607562,4.426135546760561,-1.8292867647235425,3.694536993250179,-1.2052947679179387,-4.387201101619152
5.093309605454327,-2.129485475452131,-1.9471678742933345,-5.338274709185291,1.205779089939396,5.613053202156077
5.090611381662172,-1.8570497717645462,-1.8292865831735556,-2.5886484696555274,-1.2052944100293626,2.75278419385752
-1.192573714991061,4.42613578721847,-1.8292862752432366,3.6945362725848527,5.077891110334584,-2.3880011091516953
-4.814892963792494,-1.0061796846207196,1.9432222363995775,-4.084655106566915,-1.4543423233183608,-5.240622060843197
1.4652403551424935,-1.2764577282165304,1.8243216009178556,-0.5507926567970073,-4.828278811878336,3.901065921331458
-1.1950305652139872,4.419468777740316,-1.8201687613280981,3.6920687094738884,5.075439243176644,-2.959229319506617
5.090848295963731,-2.1342764859275283,-1.9376885250295641,-5.342964387238296,-5.074950825522326,5.6130168466559045
-1.1950313686321987,4.419468735058396,-1.8201688834527503,-2.5911164435248133,-1.2077468683761896,-4.958429313852232
-4.81412796255537,5.2818106355206895,1.933709342646431,-4.0799488420833265,4.828059075098827,4.469689764467598
-1.1947687961853295,-2.139080767978904,-1.9281762831885945,0.9355114750844158,-5.072525060391715,4.756179856900766
5.088417222261015,4.144104707014993,-1.928176067445767,0.9355113781465402,-5.072525821893773,-5.810990559698121
-1.1974545795255251,-1.8703706315339133,-1.8110153077132398,-2.5936326601073847,-1.210164926054979,-2.3880579871547667
1.4660132101786403,5.013396310745546,1.815161568166987,-0.5483022843675723,1.4556931777441318,-2.0965648460415482
5.083338860614369,4.406156331929074,-1.8018139696944881,-2.596192055963966,5.070633866693002,3.8950982925219493
-4.813373853262383,-0.9965587120492859,1.9241711950435074,2.2079570898717957,-1.4558991331252302,0.4712461609323934
-1.1998466948029072,-1.8770292372369177,-1.8018142344872639,-2.596191533184889,5.070633613945031,-3.530487010659496
-4.81337416537488,-0.9965584206740271,1.9241713465438588,-4.075228441752363,-1.4558991550690907,-0.6711543228078031
5.083338202303135,-1.8770292351265006,-1.8018143790753693,3.686993910274763,-1.2125521039753955,1.895898301235489
5.086018922195151,4.13928880921686,-1.9186373228494096,-5.352397919650899,-5.07013366172308,4.756142976663247
-4.824506834389053,4.954363065204869,1.8974323163751656,-0.5715321954626302,1.4482182887144155,-2.096150826859092
5.1115346382615,-2.0983659726540385,-2.013028784960333,0.9796594215390136,-5.09557697624708,-6.096260710188152
-4.821373629081342,-1.0420893695400881,2.0185553375002487,2.159119330335326,-1.4476952367351397,5.898228569646154
-1.1743909427619927,4.471757314795806,-1.8932618344250867,-2.5701689899133364,5.096023595523312,-3.815806839374999
5.111534508154412,4.184819720047044,-2.013029562522654,-5.303525500342068,1.1876084652543175,5.042109907717148
-4.824507703002417,4.954362567436299,1.8974330673658066,5.711652814458425,1.4482171405222977,-4.6665510405461665
-1.1743874038676811,-1.8114258305422244,-1.893265186986664,3.71301609513553,5.096030009741579,-4.958207881731068
-4.820522565105456,5.2457985339356785,2.0092573014958295,-4.119472297488344,-1.44856439773817,-1.8130159792581129
-4.823644805741677,4.961104440215574,1.8885729324025697,-0.5694152053910141,-4.834092689863767,1.6165888808637727
5.108821830656908,4.180118064697155,-2.003731322538737,-5.308123910920327,1.190316055346208,5.042075638191111
5.108821162042129,4.180117174542123,-2.003730395231106,-5.3081240480207414,1.1903167371438719,-0.9555093887269591
1.4626593018114196,5.245795934009221,2.0092641541302076,2.1637082920658,-1.4485616344283858,-0.6706090169943754
-1.177096520986142,-1.818158675314328,-1.8844035237584902,3.710868837625802,5.093322069388049,-3.530231527526701
-4.8236442382081455,-1.3220812389796233,1.8885731734120532,-0.5694150790659864,-4.834092122087335,-3.2385964275086803
-1.1770966347389356,4.465026688942162,-1.8844035591045685,-2.5723162758984603,-1.1898636258010704,3.324153457709435
-4.820521034341541,-1.0373860673685282,2.009257959504341,2.1637097491069794,-1.4485684008413064,-5.811402272687983
1.462665710396089,-1.0373889958010025,2.009258468486529,2.1637140585724204,4.83461794246184,0.7573839923706612
-1.177096012839792,-1.8181569729470188,-1.884404155559104,3.7108679921817345,5.093322305279242,4.180953430888858
-4.81968168755901,5.250510518141854,1.9999346015570958,2.1683220286234524,4.8337619762138235,-5.240260808150711
-4.819681643460643,-1.0326746526410664,1.9999346121908874,2.1683218900746226,-1.449423402935781,0.7573244414150769
-1.1797644586064677,-1.8248768375598576,-1.8755092725730498,3.708673739104916,-1.1925274980493668,-2.6734573743186334
-1.1797601582259114,4.458314144858323,-1.8755160974837184,-2.5745104377895873,-1.1925232064505382,3.0385279404381116
-4.822793752910911,-1.3153524224411026,1.8796768455965698,-0.5672484733699079,-4.833229165507432,2.473343192779935
5.10614635332703,-2.107777281326473,-1.9944104655282344,-5.312740218003032,1.1929858176070995,5.327644741941781
1.4635032684594595,-1.032674236321281,1.9999349936272832,2.168321098618812,-1.4494230022182324,5.0413097549882195
-4.81885423303519,5.2552336576173415,1.990586889157938,-4.110240355389373,-1.4502690066485573,4.470050290666026
1.4643311779281414,-1.027951508155623,1.9905868492808414,-4.110240608953678,4.832916246203557,-1.527535279426283
1.4612299325739262,-1.3086362022829523,1.870744205388198,-0.5650329416575393,1.4508072053517682,1.9020974969337947
-4.818853710879558,-1.0279514312987021,1.9905868409983412,-4.110240530580367,-1.4502695273377857,5.612450287572061
5.1007894227978205,-1.8315815211236248,-1.8665803223667345,3.706430637716182,-1.1951548068004243,3.038501922387801
1.4643319039443148,5.255233654100828,1.9905867861487596,2.172945053581129,-1.4502697995029703,0.1860649878811374
1.464332001499267,-1.0279519702638436,1.9905868118908137,2.172945341314308,4.832915371097165,-5.811520331705397
-4.818853297542194,-1.0279519205905792,1.990586662020487,2.1729453560251315,-1.450270139237972,0.7572650610156948
1.4643319709854878,5.255233220650578,1.990586675511672,-4.110239681584507,-1.4502700787539389,1.0428648233103215
1.465148446229122,5.259966211151499,1.9812136988791673,2.177583929898792,4.832080611175823,1.0428056170738291
-1.1849906467297047,-1.8382792090110507,-1.857610582931626,3.7041401332272654,-1.1977452589497104,3.8952754503700397
-4.821127419964519,-1.301930667528943,1.8617735099573438,-0.5627686661350089,-4.831537243450572,-2.6675335468867414
-1.182278210616295,4.165950871592388,-1.975684526117196,-5.322008763978736,1.1982148879413355,-0.6700136391573605
1.4651505623972534,5.2599679462254825,1.9812166886760632,-4.1056061033813265,-1.4511067917290186,-0.9563943884423408
5.09819405192308,4.444906861000435,-1.8576117368361011,3.7041405160825294,-1.197745874784943,-4.387109852440664
-1.1849906320765091,4.444907508643475,-1.857612322911068,-2.579044514405918,5.085441451178046,1.6104740172323182
-1.1849914820946486,-1.8382793738624883,-1.8576110867200901,-2.579044518283608,-1.197746098571415,1.3248754608585862
5.09563438825117,-1.8449648926130209,-1.848605429201566,-2.5813827335882635,-1.2003010576152162,-4.958336792391355
1.4659539362515488,5.264710582697571,1.9718136412013514,2.1822379799930625,4.831256693670156,4.755531672387935
-4.817231632834429,-1.0184746087577987,1.9718137823973736,2.182237722542148,4.831256956168086,5.041131681404109
-4.817231126688214,-1.018474412942182,1.9718134310699234,-4.100947432836286,-1.4519288577190508,5.612331671030727
-4.820311901545785,-1.295235226857535,1.8527658127943725,-0.5604572891251708,1.4524767186611758,2.7588062533175375
-4.820311794140864,-1.2952352654628612,1.8527657355953924,-0.5604571470603035,1.452476792158364,3.044406068467254
1.4659554149659109,-1.018473765110686,1.9718147327885949,-4.100949386819291,4.831255220201727,-6.0972389577048185
-4.820312125001625,-1.2952365594127853,1.8527664811516389,5.722728774927854,1.4524764291985846,3.615605533216251
-4.817230258664004,5.26470978190531,1.971813783334476,-4.1009466742877345,4.831255577596718,-5.526038950535847
1.4659541810839665,-1.0184756227776035,1.9718138464634392,2.18223866672457,-1.451928863329578,1.042746360572992
-4.816436083023684,-1.0137201362870185,1.9623868339586779,2.1869085632120777,-1.4527424591314937,1.0426872125835132
-4.8164361513268155,-1.0137197607664616,1.9623869702985608,2.1869080533551135,-1.4527423840745781,-6.097298116407958
-1.1900748433426964,-1.8516244738460101,-1.8395754096295445,-2.5837708509601707,-1.2028203753229905,-3.530364272881344
-1.190074956838055,4.43154428747337,-1.8395623825228915,3.699417947049088,-1.2028204466889207,2.467221111306407
-4.816436549350903,-1.0137195005991761,1.9623869869983435,-4.096277527559671,4.8304433208271425,5.32667251845538
5.095811410175034,4.15645275703483,-1.9568590663260044,-5.3313390433071195,1.203299375145159,4.470700316199461
-1.1898756765371257,4.151684680646363,-1.9474069548812392,-5.336024504274003,1.2057953860986759,-1.812520949613782
-4.815652791568507,5.2742320640159965,1.952933081121718,-4.091591515476177,-1.4535444079481106,-1.5277718160334162
-1.189871266847857,4.151687137978493,-1.9474018497543322,0.9471533164517162,1.2057909587568225,-1.2413211236666055
-1.1925576722430935,-1.8583016446514091,-1.8304902641526697,3.696989063930231,5.077886962399892,2.4671933498194494
-4.818714027483503,-1.28187658613453,1.8346387962691686,-0.5556905841484483,1.4541014497404174,-3.5244711754476574
1.467533244477893,5.274231939610158,1.9529329254708918,2.191594088111883,4.829640158958893,0.18582815321204593
5.093314655277298,-2.131497667835814,-1.9474017321319832,0.9471526109721243,1.205790295983606,0.7578789624260736
5.088163116376379,4.418218376134717,-1.8213596829330603,-2.5886785183333227,-1.2077578475438764,-3.5304203229204996
-1.1923340590809568,-2.136275990489156,-1.9379202858827336,-5.340736973080708,-5.074937450949094,5.6130276497711815
5.088162909062967,-1.8649670636327293,-1.8213597518229525,-2.5886784251675214,-1.207757588551285,-4.101620206065855
-1.1923339597325322,-2.136275574605667,-1.9379195566857224,0.942447178562904,1.2082477469784652,-1.2413576365286563
-1.1923341775354932,4.1469097257353065,-1.9379194470870094,-5.340738231427867,1.2082479640276758,-1.5269576358502772
-1.1923377396719075,4.1469085035520035,-1.9379240854083932,-5.340732389828357,1.2082515422319546,4.470627804660764
5.08842113482462,4.142120256828316,-1.9284084581999468,-5.345460917274751,-5.07251337751855,4.47059082600778
5.088422457739155,4.142121542856714,-1.9284098971309824,-5.3454607677612955,-5.072514695355823,5.898590819461746
5.088422067709367,-2.141064871011524,-1.928408532951274,-5.345461017468114,1.2106709961927198,-6.096579791703389
5.085739112814668,-1.8716176739276433,-1.8121999178728447,-2.591204214131591,-1.210176669661506,-2.673649032407755
-1.1947634148592259,4.142120531401234,-1.9284082914790812,0.9377239543094251,1.210671169128292,-5.525379795574092
5.088421908830161,-2.1410646418142427,-1.9284082481759208,-5.345461526963089,-5.072514158738857,1.043405508634556
-1.1998358104312694,4.404923989749714,-1.8030020808605807,3.689409701477898,-1.2125573606762838,-2.1024799204198947
1.469823627499258,5.288601483603281,1.9244028914452453,-4.07743523123955,-1.4558918457716645,-5.526334569283676
-1.1998444887310433,4.404919004434643,-1.8030120469890412,3.689431246029417,-1.2125757248025457,-2.6736810069461203
-4.816394918400425,-1.261890900929763,1.8071475814550049,-0.5481874404510244,-4.826722963087208,3.3297773427503765
5.086025566459731,-2.1458645445020417,-1.918870904599251,0.9329852552730631,-5.070123953576337,-0.0990316786266407
-4.813362278173265,-0.9945832192328807,1.9244025841974524,2.2057497187269384,-1.4558915761598903,-0.38554860322012274
1.469822913156066,5.288602180368268,1.9244025669470843,-4.077435874108466,-1.4558915662076939,5.612036895487353
5.086022393494875,-2.1458635312833363,-1.9188729558715631,0.932982687405005,-5.0701205962274605,5.327354266274296
5.086023560276693,-2.145866822753938,-1.9188687094838601,0.9329853287856321,-5.070121956131605,4.470553659705974
1.4618240260810242,5.243223122661824,2.0187898541428764,-4.126428577818687,-1.4476883121352104,-5.240134908252317
5.108804503470363,-1.812748155030473,-1.8944717315378305,-2.567642536215944,-1.1871718616095859,3.8953880091534883
5.111541243602544,4.182699243643867,-2.0132653927685875,-5.301173525592697,1.1876179087835386,-5.810649214972531
-1.1743833668922372,4.470436914781061,-1.8944737951022634,-2.5676405061993672,5.096011001787677,3.324188782387054
5.111539614101484,4.182697756689507,-2.0132642668001033,-5.30117324590578,-5.0955657703032635,5.89892162377801
5.111539516989656,-2.1004881110079965,-2.0132642654337314,0.9820124603180814,1.1876193319488426,-0.6698630125461815
5.111538795373908,-2.100488374276985,-2.013263388184604,0.9820120124229014,-5.095564953924339,-0.9554636841169218
5.11153799543176,-2.1004881396521724,-2.0132637034522944,0.9820120896082453,-5.0955641535307965,4.470921624382385
1.4595563372837363,-1.3207663395520453,1.8897803271632687,-0.571937569625695,1.4490859216267908,-4.9521931868986915
-4.820509868455144,-1.0352747375364244,2.0094906254879352,2.16136684473598,4.834627602348566,-1.52740939412974
1.4626770980180317,-1.0352710097109457,2.0094973883102005,2.1613563423249724,-1.4485593278318842,-1.241809373421555
5.1060978210132575,4.463714179168846,-1.8856108564475418,-2.569800031973954,5.0933105609790745,2.1817629124493894
5.1088281618931,4.178012565680171,-2.003967037415849,-5.305787057563163,1.1903259284214418,-0.3842980507230625
-1.1770870293175704,4.463714332462132,-1.885610478073928,-2.569800561861981,-1.1898742930368107,-2.673422377783135
-1.1743589196804376,4.178011234138732,-2.003964031058819,0.9773965015921044,1.190327701286438,0.758102208590446
-1.17703403543361,4.1733152822363415,-1.994639558322779,-5.310419075848914,-5.090187665395536,1.0436677193408974
5.106151320984843,-2.10987029931264,-1.9946396003679003,-5.310418759595397,1.1929975947038536,0.47246772002416915
1.4604077929543502,4.96913939374974,1.880880282386713,5.71342651581185,1.449949802983811,-2.953039110355442
-1.1770340823695082,4.173314769227919,-1.994639687388025,0.9727668700654475,-5.090187614395721,-0.09873227331010741
-4.81966953086776,5.252607451433493,2.0001670540546526,-4.117193439996843,-1.4494161403283414,5.612516249787191
1.460407050191056,-1.3140458887372657,1.8808805492924943,-0.5697591453679728,-4.833236161006612,-4.666638891882525
1.4635152290072646,5.2526071586789165,2.0001672031903213,-4.117192972109519,-1.449415565611204,4.47011669234067
5.103512630370058,4.16860810988239,-1.9852902139415802,-5.315062904536197,-5.0875543106788195,-1.8123671310133962
5.100797867612872,4.450305647442727,-1.8677794064538313,-2.5742609353056634,5.088018717235406,1.6105112903976675
-4.818841596568801,5.257314660118526,1.9908182131718415,-4.112553454998249,4.832923017906971,5.041256697745222
5.100798139404153,-1.8328798474757138,-1.867779340036037,3.708924499547524,-1.195166318521243,-4.101474026371446
5.103513514226841,-2.1145771275091527,-1.9852901478507257,-5.315063014672016,-5.087555205789918,0.1868328005020947
-1.1823867638294627,-1.8328795839679248,-1.8677787483694952,3.7089236506902457,5.088019399221676,4.180911278253812
5.098203447148646,-1.8395673694705992,-1.8588083665831685,-2.5765626573297085,5.085428620212361,-2.102300569604569
5.100912068724101,-2.1192942709835347,-1.975914934175565,-5.319722653898411,-5.084959159715162,0.7579976391753905
1.4620733161716388,4.982544972398778,1.8629706677906568,-0.5652565615815863,-4.831544242442662,-2.953130369539453
5.100911698277103,4.163890538772655,-1.9759150951039899,-5.319721998980345,-5.0849587851306435,5.327582948169939
5.100911881306978,4.163889895683205,-1.9759155814549272,-5.319717844977383,-5.084963104717099,4.756379577040052
-1.1875415342282254,4.436941107469335,-1.8498001566417615,3.704273097399063,-1.200311573732667,1.3248583256788113
-1.1875419793024922,4.436940454672132,-1.8497994804947844,-2.578912227405738,-1.2003122209979968,1.6104581671961073
-4.820296928316661,-1.293953159845325,1.8539598220905753,5.720251600611736,-4.83071581329619,-4.381176204213144
-1.1875416604588906,4.436940602066518,-1.8497997488499138,3.7042733251868505,-1.2003119940989986,-4.1015275744851065
-4.817217208966176,5.266758900886193,1.9720448673689006,-4.103227606665781,4.83126185373501,-0.38524741505812876
5.095644093757048,-1.8462447438482177,-1.8497993847379655,3.7042730116645726,-1.2003115443642078,-2.959127591673725
-1.1875443727094999,4.436938946733647,-1.8498032001052527,-2.578906929982426,-1.2003147130978788,-2.6735274652188554
1.4659667569328696,5.266761017529204,1.97204276356725,2.1799576766962376,-1.4519221220891287,0.7571525927030377
-1.187541285594504,4.436940745072486,-1.8497990448034185,-2.5789128184566272,-1.2003116123584898,-2.1023275877242305
-4.8164239909539655,-1.0116839642132083,1.962615476932377,-4.098542100557103,4.83045027809902,0.1858931432746374
5.09311932352127,-1.852912677381318,-1.8407530064210913,-2.581308412109383,5.080353663972453,3.0384302566050123
1.466761155462435,-1.0116837320204881,1.9626154906364053,-4.098542525302343,4.830450224846061,-0.3853066413887662
1.4667608990633987,-1.011683889339123,1.9626157055145892,2.184642725781846,4.8304504798360455,-0.6709066393608094
-1.1873731777754202,-2.1287656231553065,-1.9570902424990921,0.9541064773767758,1.2033149324921901,-0.9556738369785874
5.095815651910367,-2.1287623442407657,-1.9570863528590556,0.954099300623573,1.203311393093108,4.7563114781379054
5.09311857888272,4.430272730419775,-1.8407531064804,-2.581308514615491,5.080352720215993,1.3248300495324394
-4.815640750351891,-1.0069320283017227,1.9531607662197092,-4.093841099825368,4.82964813164909,-1.5277657752985367
-4.818698797329143,5.002574985928166,1.835826082000949,-0.5581445030789028,1.454094326033066,-4.095667712892218
5.09062858452677,4.423613448181027,-1.8316682906487076,-2.58375126377005,5.077867769034665,2.4672023475361673
-1.1925543930622675,-1.8595601384298834,-1.831679468216633,3.6994334171816066,-1.205315231612847,-3.530382827470238
5.093319174274775,4.149671111688348,-1.9476295854982066,0.949393127224429,-5.07738320881907,-0.09891013813229386
-1.1898660250762085,4.149671270122391,-1.947629556354609,0.9493929684299186,1.2058019877644721,-5.810895467197125
-1.1898659674184082,-2.133513868802426,-1.9476294803355716,0.9493927063800179,1.2058019330413912,0.757889843242001
-4.818698241689655,-1.2806077356903833,1.8358232487860406,5.725041047038301,1.4540948918737486,-2.0964677020933413
-1.1923295563439091,-2.138269980233071,-1.9381505370526277,0.9446687060310791,1.2082596512487778,0.7578531905698145
-1.192328744023015,-2.1382771719552407,-1.9381462440497932,-5.338513723149457,1.2082588196730195,-5.810932075378205
-4.814866569295716,5.2810166876121185,1.943678197791402,-4.089123541793785,4.828854970804663,0.1857750927227255
-4.8148658189196585,5.281015305016256,1.943679644493347,2.19406171771488,4.828854394739213,5.612160469570899
-4.817915751191284,-1.273947195554192,1.8266977169862466,5.727505234174338,1.4548911464940177,2.1874718193554954
5.088172141330561,4.416967793953373,-1.822549546160514,-2.5862413848858723,-1.2077689660379263,1.6103741319083598
-1.1974384588580766,4.410318881087198,-1.8133818498326577,-2.5887767503797825,5.072996253929317,-4.958440066851742
5.0884260884195625,4.140132385959096,-1.9286346116328088,0.939934587543586,-5.07250202452608,-1.2413837014212208
1.469081592013888,5.285792675358748,1.9341673723244288,-4.084390272563762,4.828073352642232,-0.671083753688832
-1.1974378541588901,4.410318740120375,-1.813381797666278,3.694408654158368,5.072996858607247,-3.5304400717103337
-1.1974377534653888,4.410318870490542,-1.8133817946855797,3.694408522667803,5.072996958980064,3.0383452330810035
5.085747634583254,4.410318925064277,-1.813381600039641,-2.5887770202449802,5.0729970503003905,-2.67364009603107
-4.8171427194095795,-1.2672949608053132,1.8175319050539684,5.730018013621647,-4.827507141972131,-2.096559288514269
-4.81638029838707,-1.260648702195433,1.8083266553875819,-0.5506090845170445,-4.826730534487152,-2.0966050909404244
-1.1971562195627423,4.135344956078306,-1.9190938366602595,0.9351802233369209,-5.070111167655983,-5.525406282242702
1.469834781691578,5.290580999382492,1.924628385571724,-4.07964117752305,-1.4558842035603967,5.89764271882736
-1.1998295831279917,4.403683495486632,-1.80418079010109,3.691826760478939,5.070610625396953,2.4671155215921594
-1.197158331406676,-2.1478300489868607,-1.9191079388339924,-5.348005549795386,1.2130764395773577,5.327363801602255
-1.1971567060533674,-2.147840698387037,-1.9190941916004554,0.9351809126273004,-5.070110677474254,5.041764356548087
5.0860284897501,4.1353446714478475,-1.919094234227321,0.9351808637788336,1.213074723739266,4.756164445918098
5.1115438516440825,4.180571903055547,-2.0134913901355036,-5.298824805663965,-5.0955538497006,-5.239437732548535
5.108813788770381,4.46911060643516,-1.8956772360989078,3.718071194093003,-1.1871828557518234,-2.673387720399914
1.4618370442444668,-1.0378300545461816,2.0190175519700313,-4.1287892246292115,-1.4476819477631746,0.18625705126537925
-1.1743714784043433,4.469111003778892,-1.8956778290121166,3.718071387004005,-1.1871828183325703,3.038597583122402
1.461828613659422,-1.0378340304133455,2.0190278316955164,-4.12879545691865,-1.4476734903657467,5.8982423409676965
1.461836660212758,-1.0378298677399287,2.0190175256420164,-4.12878938245555,4.8355037453660605,-0.6705429405072748
5.1088132730450475,-1.8140748620748093,-1.8956774658617344,-2.565113729961744,5.096001932134385,2.181797593363297
1.4618379340102485,-1.0378304877137454,2.0190187723680717,2.154395296148966,4.835502477270906,-1.241742892328898
1.461832945332344,-1.0378266208647546,2.0190296494083477,-4.12880472987469,-1.447677791478367,-1.527342871387995
1.4618361080291637,-1.037830027443911,2.0190175598206634,2.1543958353076826,4.8355043495713685,4.470242131834149
-4.820497422647875,-1.0331593292521006,2.009717681091844,2.1590237263057044,4.834634600582858,-1.813002927102496
1.4595728271256183,4.963739870299516,1.890981762327498,5.708725342257343,-4.834105770514962,1.902194927059824
5.108830411843306,4.175900924520824,-2.004191005994209,0.9797294435028011,-5.092845461505042,-0.9554861853671576
5.106107482361588,4.462397295161052,-1.8868137957580222,-2.567283799014194,5.093299957085123,-3.8158128559460756
5.108830848189362,4.175901152784393,-2.0041908658407324,-5.3034562262837355,-5.092845899954698,0.1869138058824031
5.10610746766264,4.4623962934772115,-1.8868123212938617,-2.567284257735316,5.093299948149162,3.6097724377399487
5.108830897314975,4.175901428460511,-2.004190831996983,0.9797287723741418,1.1903393559718622,0.7581138038228372
1.4635316166694794,5.2547120111665775,2.0004003248644393,-4.119532075598544,4.833772704735023,1.0429374640378244
-1.1797471407763085,-1.8274918017975403,-1.8779135942995575,-2.5694993468748075,-1.1925506780583777,-2.6734384974970635
1.4604237141888041,4.970451620011222,1.8820784572668416,-0.5722697017731702,1.4499433304448697,3.330149664227065
1.4635282452526912,-1.0284780371263091,2.0003931182044736,-4.119520111111138,-1.449409265070396,5.612522755016711
-1.1770266805606777,-2.111964600525305,-1.9948711474630867,0.9750880332039079,1.1930064409597247,-0.955520510612364
-4.819657420787748,-1.0284781071057039,2.000393255283438,-4.119520174919274,-1.4494089060098378,5.041322757648656
-1.182378590643994,4.449004839558507,-1.8689748751726267,-2.5717681247621016,-1.1951779323930871,-4.958264675954786
-1.1823784858134891,-1.834181169348261,-1.868974451001232,3.71141744606297,5.088007457165727,1.6105206575754627
-4.818829260530111,5.259399013353363,1.9910433591488934,2.1683215814596095,-1.4502552987436428,5.041263114999635
-1.182378006206152,4.44900401777099,-1.8689745539998597,-2.5717676365741937,-1.195177370621327,2.181720657339131
5.103518194666203,4.166529342032629,-1.9855160614543597,-5.31276247547497,1.1956416275339372,-0.6699557932714298
5.100807619170959,-1.8341814261902398,-1.8689742160657596,3.711417507583743,5.088008316172526,3.0385205233769645
1.464358694845478,-1.0237869514256444,1.9910462121862256,2.168321413598418,4.83293169316412,0.4716702112608686
-4.8219231406897025,-1.3060336704207174,1.8731385344933362,-0.5700306684151358,-4.832390766422161,-2.381881430611857
5.10080748213464,4.44900447369648,-1.8689739770125924,3.711416647590112,5.088008123829737,4.180920647715367
-4.8210983662545335,4.983838184104839,1.864164848222557,-0.5677443858640253,1.4516322964588522,4.186858150669262
-4.8180137039498785,-1.0190879179368475,1.9816715300266055,-4.1101918947171825,4.832096109002319,-5.811567033475693
-4.821096407336695,4.983840797074138,1.8641621406689162,-0.567744292916548,1.4516342535161417,3.3300580828643374
-1.184973130500039,4.442324629269353,-1.860000081397013,3.7091042315999565,-1.1977681536989933,2.4672940409694943
1.4620882674898446,-1.2993444578226245,1.8641624220425113,-0.5677446218771143,-4.831551688564484,1.9020580842061232
5.100915937053314,4.161826945671396,-1.9761393851579065,-5.317438255243526,-5.084946818940213,-1.8123910721307628
5.095655412210426,-1.8475239098815635,-1.8509938617192,-2.5764419972482098,-1.200319753125909,1.3248657882479085
-4.820281991141781,4.990514068400459,1.8551523172290805,5.717776731552241,-4.830723459724696,1.9020122536503616
1.4629038405759047,-1.2926656191728612,1.8551482633400194,-0.5654101451296397,1.452462375044243,2.1876122774616396
5.095652540556651,4.435655033874135,-1.850988003183194,3.706743762767821,-1.2003232731584388,2.46726696260747
-1.1875325868775444,-1.8475302439546182,-1.8509879538562115,-2.5764416195725515,5.082862214798286,-3.2447183476459442
1.4659789374475272,-1.014370266677586,1.9722660973428812,2.177679816879029,4.831270420063714,0.7571590230928951
1.4659794742405587,5.268814325340894,1.972266619359968,-4.105505530847905,-1.4519155472920682,1.042758835923216
-1.187364903623786,4.152388456376961,-1.9573077003137869,0.9563511733332697,-5.079862429188361,-6.096448109170849
1.4667732790808237,5.27354083480872,1.962837904141335,-4.100804922746662,-1.4527279334445447,-0.38530048263881106
5.093127840642884,4.428995382108054,-1.841938606528588,-2.578848911647772,-1.202843282808339,2.467239429336147
-4.81641235592266,5.273540870460325,1.9628379955828548,-4.100805046984693,4.830457702400945,5.326684826984771
-4.819477415767464,-1.2859965919501999,1.8460964246896978,-0.5630281593142065,1.4532798188156182,1.6163664631692352
-4.819476267279575,4.997187255971965,1.8461001388602845,5.720153194126379,-4.829904033820057,-4.9524208711545725
5.090636775495733,-1.8608407211585167,-1.8328508666234584,-2.5813031342325834,5.077855825919104,-4.9583738465464355
-1.1925484554745216,4.4223443845310175,-1.8328507834705183,-2.5813030129768846,-1.2053294027761519,1.6104114571726078
5.093323544239793,4.14765142261254,-1.9478513445505037,-5.3315546733921995,-5.077371322073622,-0.9556991730738834
5.09332367060617,4.147651369090433,-1.9478512776446624,0.951630621695938,-5.07737144879095,-0.6700991743387196
-4.818683297989541,-1.2793360814262877,1.8370061888657505,-0.560599251220978,-4.829097771181466,-3.5244646725785604
-1.189861289612836,4.14765172183488,-1.9478511739445359,0.9516301693620891,1.20581350831632,0.47230081972240734
-4.818683178285488,-1.2793364067490545,1.8370057151022383,5.722586853275002,1.454087661999512,3.9011206343838993
-1.1925477545118301,4.422344657685259,-1.832850326833117,3.701881575056191,5.077856608294694,4.180811447840342
1.4683304994678212,5.283026699951145,1.9438995463648874,-4.09135559046849,4.82886261841561,0.7569811820199437
-4.8148546526606015,-1.0001583830613476,1.9438989251210277,-4.091355195686608,4.828862408843854,0.1857813073094425
5.090863755524656,4.142904159393428,-1.9383702847623439,0.946896051847053,-5.074917430145946,5.898648452781789
-4.817901203326536,5.010500549386157,1.8278780793715,5.725061951621041,-4.828301476096377,2.473073875880411
-4.81485513474824,5.283027144226686,1.9438990601590833,2.1918297633507833,-1.4543223551985824,-0.9566188333614934
-1.195005629452405,-1.867483740393735,-1.8237244447349517,3.6993818453703526,5.075403767882232,-4.958402260263676
-1.1974306280333444,4.409065909675324,-1.8145593541127185,3.6968357743303257,-1.210201314173166,1.3247542936252406
-1.1974298579695362,-1.874119049719647,-1.814559118918062,3.696835237981255,-1.210200554748233,-4.672831096146795
-1.1947545760348106,4.1381412226390015,-1.9288546109572324,0.9421419231209043,-5.072490387347558,5.0418123850741905
1.4660567310060486,-1.2660397728543922,1.818709459572293,-0.5556004232818973,1.4556700669034217,2.4730289170780853
-1.1974286370034704,4.4090666730123,-1.8145589223207272,3.6968346113271107,-1.2101987585454022,-2.102430714861192
1.4698467609462655,5.292562184297212,1.9248467916364114,-4.081841434498178,-1.4558769775780878,1.0424632294010798
-1.1971515241472854,4.1333677943816305,-1.9193131096692027,0.9373729036471906,1.213085735650287,0.7577896810418713
5.083364093209116,-1.8807481947239948,-1.8053534255592214,3.6942424325909973,-1.2125865164182166,-2.673660349387135
5.083363952290671,-1.8807484581701168,-1.8053534638060775,3.694242731761899,5.070598649911339,-3.24486034455083
-1.1971520483676044,-2.1498173387187776,-1.919313623010953,-5.345812082406725,1.2130862685576997,5.612975020429976
5.086036198101466,-2.1498132344808054,-1.9193184241322787,0.937374930744359,-5.070102351776146,-1.241413243270806
1.469836904090496,5.2925585315218635,1.9248613087415578,2.2013330936046986,4.827318229283332,4.469648616386037
-1.1743622631149093,-1.8154064989636287,-1.896876858782638,3.7205989706313245,5.095991452540634,-2.1021781157517085
-1.1743639320079953,4.467778869113425,-1.8968784364819806,-2.562583946783792,5.09599039460639,3.609805825437205
-1.1743623183015464,-1.8154068383978275,-1.8968770216567095,-2.5625858261991286,-1.1871939146577608,3.3242071874446104
5.108824964293595,4.4677842260150005,-1.8968826160088945,3.7205985679551272,-1.1871900340686246,-3.53017459088487
-1.1743629343148212,-1.8154063147484802,-1.8968776613902683,-2.562585712663585,5.095990784847298,1.610607165195426
5.111547619346722,4.1784421271860515,-2.0137134481680055,0.986708020775881,1.187643697481564,-1.812240218308228
-1.1770699111464238,4.461074148115053,-1.8880124019365814,-2.564758284978758,5.093290879465173,-4.958210328107332
5.106116294198944,4.4610710043275414,-1.8880149920506728,3.71842540719734,-1.1898967990731766,1.6105819971671442
-1.1770692727855507,4.461072452578899,-1.8880091402956498,3.718418721245564,-1.1898968977250588,-4.387003980297353
-1.1743501514832428,4.173787368106558,-2.004412342127081,0.9820600016090609,-5.092834066366859,5.327710714931409
-1.174349839255415,4.173787667250655,-2.0044119128841245,0.982059266363185,1.190350926669771,-0.09867457100961317
-1.1743520483700545,-2.1093885418098344,-2.004417347234275,-5.301129668644351,1.1903531619405971,1.0437253785154081
-1.1797371806934234,-1.8288065426415288,-1.8791041545739064,-2.5669975316919316,5.090624457849102,-2.6734290810898127
5.103449019229294,-1.828804885042516,-1.8791060049814807,-2.566997384552608,-1.1925600330918946,-2.9590290514853006
1.460439436664986,-1.3114157022584718,1.8832711959916544,5.708404438817221,1.4499365762486338,2.7589529357763976
-1.1770253914013784,4.16912252383346,-1.9950858573199477,-5.305788562543743,-5.090163971356157,5.042076019700739
1.463534542909196,-1.026381997814419,2.000620741953623,-4.121844534462885,-1.4493962267466791,4.755729288480958
1.4604442481459439,-1.3114216341960498,1.8832774301693114,5.7084041849433325,-4.833243933905616,1.3309527950700661
-1.1796635518677256,4.1644468670549175,-1.985734559463723,0.9727195876497475,1.19565423467906,-1.8123443579940706
-1.1823694678397483,4.447696518639753,-1.870163551510257,3.713910675178947,-1.1951890249568853,-4.672655254694442
5.1035223868968265,4.164446521651505,-1.9857343511845194,0.9727197291322696,1.195653603452596,-0.6699443628037605
1.464368900319939,-1.0216990275216478,1.991262509948789,-4.117170919572738,-1.4502488512076424,-0.38511577309247547
-4.818816312022879,-1.0216984955612718,1.9912620718944765,2.166014292289285,4.832936358867512,-0.09951577112921967
5.103522694232855,-2.1187385615703223,-1.985734273424021,-5.3104658714539505,-5.087532023588306,0.18685562257514163
1.4643720993558207,-1.0216988660272097,1.9912649483550595,2.1660117884670305,4.832933261824842,-5.811501081947405
-1.1822639836434958,4.159760047498037,-1.9763574218334976,-5.31515744797407,1.1982492837237082,-5.239565109594782
-1.1822638782296948,-2.123425395177128,-1.9763574149373642,-5.315157344141329,1.1982491796818981,0.47242024740034444
-1.1849642390088386,4.4410253234843,-1.8611859778075215,3.711586027671195,-1.1977793493980575,-3.8158821528042077
-1.1849660613608686,-1.8421564602831586,-1.8611885195636895,3.711585012056873,-1.1977812646374009,-4.672681966588294
5.098355009270912,4.155060998400083,-1.9669541081078517,0.9633222610488931,1.2008101040272463,4.756369725157283
5.098362945294895,-2.128116425363147,-1.9669657311794482,0.9633265693150093,-5.082383117594416,5.041967908449897
-1.187524106057348,4.434364258540299,-1.8521710599189452,3.7092143327666904,-1.2003350847423564,-4.101509510564987
-4.817194206426784,-1.0123123816861872,1.9724832230281344,-4.1077814781219955,-1.4519079047649717,-6.097220216145901
5.095660322259096,4.434362948651872,-1.8521746781269062,-2.5739662113146333,-1.200335650933906,3.609676291467525
-4.81719420794387,-1.0123128040722995,1.9724831345939304,-4.107780967253481,4.8312774085431185,-5.240420241194613
-1.1900483686028926,4.427713067456604,-1.8431182314001606,3.7067949889247553,5.080330993103951,4.180848615051034
-1.190046120640399,-1.855460712346233,-1.8431276265811005,3.706792869122871,5.080333214896382,-2.387936777460984
5.093136938558493,-1.8554723716203332,-1.8431182196772713,3.7067951092210802,-1.2028543160488816,3.6096486152593372
5.095825062794336,4.150350913782642,-1.9575240670549674,-5.3245842321771955,-5.0798508767523725,-6.096437035077322
-4.819461757377306,-1.2847128701789232,1.8472770159793939,-0.565492886343758,1.4532731592709687,3.04436955603406
-1.1900489070589477,-1.8554634581513436,-1.8431256244037093,-2.5763916915508984,-1.2028548809310033,2.7528485754583496
1.466783975648731,-1.0076019621336332,1.963056380540256,-4.103066621906451,-1.4527193726260212,-0.670894309811768
-1.190049078611292,4.427712761377652,-1.843118634735271,-2.5763896191759916,5.080330277021642,-4.387136683713452
-4.815616936785585,-1.0028794157436003,1.9535978741818083,2.1848530698128257,4.82966280916504,4.469831689170611
-4.815616733242056,-1.0028793051440803,1.9535977286095412,2.1848531031717875,-1.4535227011668348,4.7554316877320275
5.090645191941206,-1.86211554490073,-1.834028231698915,3.7043310511378964,-1.2053411846347715,-4.387164715461435
1.4675688277587948,5.280306016391601,1.95359777135622,-4.098331900149056,-1.4535228353701988,-0.9565541412184118
5.093327948240941,4.145628659904866,-1.9480671770610933,0.9538653118362136,1.2058257992552033,-0.6700882578392872
1.4645171486247401,5.005125607975914,1.8381826466626132,-0.5630524942650719,-4.829104907905484,3.6155236896699696
-4.81866813237666,-1.2780598548661894,1.8381826164570825,-0.5630523075934695,-4.829104880362978,-2.382061618351717
1.4683425689369798,5.2850401713577115,1.9441134842416072,-4.093583743899429,-1.4543155116115714,-5.240598287057889
-1.1923194075996197,-2.142291055512596,-1.9385818292310508,0.9491131912792706,1.2082821123656564,-5.810910380076831
-1.1949963383233841,-1.868749845071219,-1.824898552478271,3.7018188061023305,5.07539296068915,-2.959193209958319
5.088188962555449,4.414435300894724,-1.8248985560532878,-2.5813663374855014,-1.207792353767615,3.0383920981840733
1.4683423430253604,-0.9981446127235108,1.9441136492267228,2.1896009241950085,4.828869993535034,-0.3854128249989474
1.46530036854583,5.01176362264239,1.8290559167583196,-0.5605644910899279,1.4548773766952308,2.4730775737733657
-1.1949967604470075,4.414435032769133,-1.8248986138599046,-2.581366017944645,5.075392536287211,-4.101593203559939
1.4683431695240983,5.285038196633415,1.944115569746466,-4.093583792191999,4.828869173279549,-1.242212843775478
5.090859479415183,-2.142292135628649,-1.9385889088460848,0.9491213769651351,-5.074896880667873,4.756260363991506
1.4683417299572965,-0.9981447299707987,1.9441137035421694,-4.093584311752238,-1.4543147013228421,-1.8134128223610915
-4.817114310501626,5.018406203838326,1.8198804003542106,-0.5580324064627418,-4.827523168486975,-4.952553376332169
-4.817112943149121,-1.2647823669879734,1.8198865429220974,-0.558035284820591,1.455663485524754,-4.666953395339079
-1.197425831493024,4.407811126709148,-1.8157347080684594,-2.5839225972114566,5.072968684032804,1.8959632293099542
-4.81408023022644,5.289788082451441,1.9346011809308405,-4.088820845806473,4.828088294471434,5.326513379199269
1.4691054888222774,5.289787968944949,1.9346011675468926,-4.088820737134899,-1.4550974091820759,5.897713421492297
5.08576458286773,4.4078075264212995,-1.8157300462402397,-2.5839234442112735,-1.2102114474047876,3.038363084166057
-1.194749322592303,-2.1470383772943187,-1.929068402893093,0.9443461877053797,-5.072479388364374,0.18663784657288068
-4.814082400909529,-0.9934027565373748,1.9346066910906174,2.194364492883003,-1.4550948293991925,0.4713280343077322
-4.8133267895824146,5.29454754751091,1.925059848948418,-4.084040520818854,4.8273157581640795,-5.2407162435700085
1.4698598714666848,5.294537395226249,1.9250669755656673,-4.084037486156079,-1.455870878416332,-5.526316299190117
1.4698584501985137,5.294547897757498,1.92506004138448,-4.0840411678838455,-1.4558691621194524,0.18566914254219125
-1.19714708955996,-2.151796301200815,-1.919527909954912,-5.343622600500043,1.2130975838862361,-0.6701996132456772
-4.813327293290713,5.294548156332054,1.9250600758514904,-4.084041351817905,-1.4558690385807496,-0.9567309306998886
1.4668325888470366,5.025035152705897,1.8106711820062815,-0.5554529082510359,-4.826748627320633,1.9017855178245477
-4.81332752715293,-0.9886372331828581,1.9250600300097944,-4.084041281234517,-1.4558687062336308,4.755254281185721
